"alconbury",6615.7142205
"dunstable",39582.7319099
"martock",15170.6814017
"prescot",3727.92068701
"new leeds",43432.5376222
"dentons green",1354.88800756
"old windsor",30074.2755855
"knebworth",14430.1107357
"nottingham",17111.8139402
"smethwick",12708.1291354
"whitley bay",25658.3897723
"ossett",18744.7395097
"verwood",13362.8513284
"deanshanger",24692.1615857
"kingsbarns",16944.0032633
"lesnes woods",-904.88452218
"old aberdeen",83400.2818429
"southsea",21200.96259
"west bradford",67681.6567164
"hope carr",6640.04528405
"pitstone",16329.4279506
"datchet",52845.2788105
"knowsley park",18275.2834671
"littlehampton",15765.2805652
"wythall",59025.0134682
"mossley",11808.1641635
"brinsford",23354.8960227
"little london",18125.3420404
"esher",34780.7187287
"impington",5139.94436983
"shamley green",18053.5543365
"loughton",32286.549682
"berwick-upon-tweed",17732.5162294
"yarnton",24348.9398698
"hayling island",15766.8709356
"bow street",-11452.1545157
"south normanton",56466.291039
"lowfield heath",69707.4190272
"coventry",15207.2635093
"abbey village",27182.8061544
"royston",33909.5347004
"elmbridge",29794.7226493
"newtownards",6062.23718679
"frinton-on-sea",70471.7604546
"west thurrock",21881.4894122
"walsall",-2375.09474007
"brill",29741.0084138
"street",39385.5808938
"itchenor",35238.9304204
"currie",755.210073215
"bridge of weir",11738.5746194
"windlesham",1074.33403918
"carshalton",-16287.8427968
"cirencester",-16712.2496675
"stockland bristol",19667.3207278
"accrington",20023.2185161
"lossiemouth",27407.7978426
"teignmouth",-8812.30510181
"frimley",53163.6127974
"ashford",16967.0605692
"hull",-9791.36572083
"purton",33288.6350859
"tamworth",-8802.60856298
"jarrow",30113.5800543
"culham",33191.9435893
"new milton",26345.5707049
"meadowbank",10764.1497731
"oldbrook",23756.8513635
"little keyford",8508.68689502
"gerrards cross",20838.3081009
"camborne",20719.1702495
"normanton",23362.5009156
"thornton heath",12971.7275899
"exeter",12065.0644189
"moray",60433.6611856
"powys",15417.486534
"east lothian",11887.9422437
"bovingdon",13372.30354
"dungeness",120372.897611
"middlesbrough",70194.2600117
"gateshead",11339.2237015
"bankside",53659.031455
"ballycastle",15993.4319192
"welburn",40255.3445983
"heathrow",73434.3832391
"london colney",69214.1844162
"lymm",8012.85520674
"ellon",45564.0021739
"trimdon",-16045.8353924
"all saints",42480.3369614
"belsize park",40750.4372803
"narberth",-12.4097143764
"wishaw",13482.0755897
"shillingford hill",14161.8652582
"leyburn",10529.373968
"holt",1481.15035542
"whitminster",20304.4670282
"helsby",68898.4533014
"falmer",6515.46826357
"mirfield",6633.19788075
"huddersfield",18270.7572713
"croxley green",5477.86888444
"ware",66972.7389994
"farmoor",15932.3996639
"hounslow",42364.3773337
"south hanningfield",37889.8518942
"ripley",32413.2389743
"norwood",13879.3539745
"sway",-29715.2017138
"park royal",24195.1862813
"stockhill",44659.3788154
"westbrook",22672.0006401
"reston",101453.581783
"cottingham",8491.95351249
"pembroke dock",-2204.43651145
"bewdley",24425.8121441
"eggington",22199.2207563
"charlton",20585.8003683
"hucknall",18448.9188243
"west leake",19754.6578
"hanworth",25378.8867659
"rothwell",11091.3868385
"isle of wight",1701.35496742
"forfar",32598.0610286
"stretham",38135.8514643
"fulford",2232.83432068
"eltham",-6781.26790652
"gaydon",22646.8328379
"hertford heath",-14384.7196896
"wisley",27052.9164318
"downham market",16169.0404086
"kennington",-2824.32406942
"livingston",26979.3226511
"clyst honiton",21020.5700514
"kidderminster",40217.9086276
"central london",26048.1537971
"blackwood",13346.0074859
"banbury",5905.99375916
"bilston",46985.2739729
"rustington",13252.8150106
"devonport",35813.2942538
"cockermouth",2160.48188007
"lichfield",13239.0728861
"brownhill",-9104.31965135
"east linton",-7031.23510171
"alderley edge",-9627.45188371
"soham",14936.4904204
"busbridge",6386.58927593
"coniston cold",11037.6862009
"rosyth",29778.4519227
"oakham",4053.94238833
"girton",82726.6946013
"dumfries & galloway",6846.3326651
"pinchbeck",220.064661861
"achmore",21800.2725062
"caddington",27383.01537
"earls court",12477.1892164
"northfield",2657.89147149
"broughton astley",9764.46109203
"barnes",46771.5815009
"abercynon",18727.8063698
"margate",6177.01758449
"bingley",-3503.4554134
"church end",20430.1850863
"fife",14973.126147
"gorseinon",-13101.1236495
"west lothian",-1401.58224875
"leigh-on-sea",9453.09549446
"london",42075.7549309
"little grimsby",49105.5110284
"sunderland",18265.2642213
"hereford",32349.5440145
"doncaster",14664.4432138
"huntly",40741.7168876
"rowley regis",15192.2052918
"waterbeach",12862.3960613
"dunoon",13661.962626
"broxbourne",42846.3588574
"hambleton",15214.9932568
"bloomsbury",31574.7298291
"newham",49561.0534787
"denver",74409.4495274
"fetcham",11383.720556
"egglescliffe",31168.3485208
"honingham",21652.8904872
"wales",75670.780588
"beaminster",21146.4409871
"covent garden",59042.8487381
"bingham",23827.8688844
"aston",23858.5843955
"queenborough",-33891.1398456
"dalry",36354.3689654
"glastonbury",36011.7068755
"dunmow",13248.6319945
"leiston",23549.8180965
"partington",-3347.96189472
"dawlish",19094.1865789
"llanfairpwllgwyngyll",17167.5066105
"pelaw",32712.7293462
"haymarket",21139.6454253
"hertfordshire",21667.97528
"randalstown",40584.4313348
"wickford",-643.858649
"greenock",17747.4203013
"brough",32032.5597123
"worthing",13943.5388795
"newport",18541.3477187
"oldfield",11282.5931903
"stowmarket",3342.48590729
"chathill",33626.6531779
"winnersh",40073.0527546
"penn fields",17874.6350859
"tayport",44748.8171666
"liss",5950.69121312
"huthwaite",20333.8403331
"tisbury",24644.8867659
"donaghadee",16539.5578732
"baldock",13538.9661883
"prudhoe",5865.16538622
"halesowen",9670.83079675
"burnham",420.55693876
"arlesey",41681.2832763
"cippenham",22666.4929052
"gorton",35409.9225572
"lane end",42327.2611806
"bungay",-3591.30603701
"horsforth",-6316.72729833
"carterton",37893.1408284
"holborn",82615.3162745
"hebburn",25858.8790317
"shepton mallet",10463.1495562
"avonmouth",3262.14719101
"bromsgrove",15568.2157736
"kingsbridge",-14020.9222055
"gronant",66263.153768
"banbridge",6914.63517689
"aldeburgh",15768.855175
"the city",43796.6874306
"foston",40243.8103839
"uttoxeter",41802.4992042
"stourbridge",11529.7838283
"withernsea",22786.3465602
"bletchley",-10640.0058379
"hendon",19087.3007132
"harrogate",14111.0758179
"stratford enterprise park",45823.4354484
"south shields",1910.43915248
"canterbury",33241.9063105
"dumfries",17504.3873603
"rand",23535.5479265
"bearsden",19058.0358333
"buckfastleigh",15999.6216598
"pontyclun",4849.45898656
"highbridge",17630.2296551
"hook",62272.0681026
"easingwold",18822.4463911
"swinley",746.350850444
"heywood",23195.8167799
"chessington",12912.6323289
"denwick",8393.69304825
"malvern",5155.23316422
"rush green",31962.4435244
"west midlands",18449.8108224
"liverpool street",56329.5484836
"erdington",27541.6606261
"bampton",7127.55925696
"ambleside",18436.5882195
"hollywood",28487.5221783
"egham",29273.572024
"north berwick",8954.49055486
"cambuslang",28440.1844936
"kenton",13449.1436671
"selly oak",17315.2166577
"muswell hill",8951.93456951
"ardrossan",27015.7918171
"dalkeith",13752.2635026
"buckley",47579.2915861
"iwerne courtney",20250.6677615
"silfield",41391.2073028
"walton west",39468.4428837
"tackley",-6664.09200972
"north walsham",6919.16854786
"bunbury",36719.6214254
"gargrave",28414.3051902
"carnoustie",4405.37289722
"st. clears",10378.5425886
"haslingden",9106.76488444
"bridgwater",79910.0189563
"haye",-10644.7344152
"perivale",14667.4895286
"old sodbury",55469.9120584
"quebec",180910.42761
"churt",6352.82909205
"monkton heathfield",6512.56784182
"kirkby",10733.2886991
"boston",36156.201225
"huntingdon",50340.2114654
"falkirk",-5415.78858478
"ellesmere port",22925.7588762
"cockburnspath",12310.1698321
"brighton marina village",9914.58017721
"penisarwaun",7405.58621048
"farnham",13006.3698544
"castle bromwich",18525.5403454
"otley",20780.0620817
"brandon",19782.7598367
"launceston",40747.4560436
"mop end",13434.8243031
"grafton regis",26234.4721346
"omagh",-10596.0571613
"witney",23146.6232748
"llanrug",-6747.439359
"cleator",6031.31661605
"lochgilphead",28076.883434
"wells",1929.2913864
"guisborough",-8468.98691436
"staplehurst",14739.6051296
"bradford",37019.0824798
"dunblane",-12896.9541127
"ashton-under-lyne",1675.6956499
"twickenham",10893.3686439
"tenbury wells",18223.5202405
"manor park",15611.8090774
"hastings",11238.3567992
"lancashire",29957.4201208
"derbyshire",31804.6951075
"dover",61842.1482667
"east end",53802.8958578
"east rolstone",67017.9533312
"rayleigh",30772.3623707
"flintshire",24241.681078
"bransty",3819.99280507
"swanage",-13139.679707
"hebden bridge",-9200.15853582
"south ferriby",32976.1277329
"east wittering",18309.1569474
"campbeltown",12271.760438
"shrewsbury",14172.554735
"wykin",1264.88094937
"northolt",8467.52676596
"balerno",22070.284288
"south woodham ferrers",15446.268676
"chalgrove",7328.90360796
"marton-in-cleveland",-4293.48874885
"warton",83873.4565939
"atherstone",19503.0200623
"brockhill village",27282.849575
"irthlingborough",55473.3814948
"nechells",4167.8271689
"bletsoe",4939.74835409
"loanhead",7678.61539071
"thornton-cleveleys",-57533.4213288
"milton",62497.6876268
"rowland's castle",23282.180737
"fareham",12526.6606632
"chatteris",26471.726284
"sundridge",89193.3430999
"gravesend",22894.2979906
"berrycroft",1144.00321627
"bloxham",-27411.9571333
"pontypridd",16644.582716
"whitechapel",5853.39964781
"troon",3102.64488444
"llandudno junction",11286.086766
"skelmersdale",23756.8237697
"fulwood",7215.44962557
"kirkby stephen",-1668.68897976
"largs",14552.1205929
"theale",5433.29780344
"otterbourne",-20879.1585519
"devizes",21964.8763242
"houghton regis",11590.5192669
"wetherby",10158.1302735
"seaforde",10202.9764701
"upper heyford",-3989.48416743
"whitefield",3288.66069577
"shoreditch",13567.2123869
"flax bourton",-13520.8850578
"waltham abbey",1311.7990293
"lancaster",10791.2516628
"romford",20605.690483
"melton constable",15821.0342824
"east somerton",98112.9857754
"bloxwich",23551.2215191
"leavesden",6034.68918331
"weston-super-mare",35340.8876765
"churchtown",-7817.29247356
"feltham",45409.5841292
"lisburn",35435.486952
"benfleet",5517.1043475
"east riding",18597.6726717
"exmouth",22106.6830889
"radley green",5905.93111508
"rutland",-509.831977463
"hitchin",42368.484904
"falmouth",58293.7275671
"haverhill",15633.4415522
"prestwick",33922.1787061
"prestwich",39332.0737671
"paddington",47290.3366656
"little irchester",20275.1196961
"south kensington",31435.8211659
"belfast",27481.2090069
"port seton",39151.8230857
"west runton",21267.2488753
"ham",19640.829568
"bray",25864.5815405
"bramhope",-2763.19183409
"northants",28128.0867448
"tilbury",20776.8077759
"bollington",-1292.84472765
"llandovery",8901.33672912
"knowsley",36372.0558602
"kennoway",27145.5488844
"brierley hill",15545.6142721
"the trafford centre",23122.6850764
"glossop",9027.68417955
"southam",28699.8193014
"corsham",10146.7501686
"chelmsford",-9726.25768176
"bideford",7785.4902307
"south hampstead",31629.1619675
"tunbridge wells",23083.8657288
"kelso",25157.2695364
"nyewood",20607.6034616
"borehamwood",14739.8774562
"brent cross",16723.9573997
"fenstanton",33769.2160217
"hythe",25269.9798742
"ampney crucis",-10842.2094742
"irvine",16124.7675595
"alperton",20672.7439388
"waterlooville",21086.7537468
"askham bryan",-5909.38250594
"clackmannan",18886.044219
"wormley",25889.0739611
"peterhead",44527.6295525
"livingston village",42698.0105329
"oswestry",5635.37087851
"pitlochry",7104.03640258
"amersham",26793.8304304
"heywood distribution park",-7618.54358494
"cantley",24492.6608978
"broadstairs",73797.0130342
"ledbury",10975.3202278
"hamworthy",52028.9708672
"saffron walden",29819.3247715
"wombwell",-13449.4626656
"kirkhamgate",30700.1216226
"bronwydd arms",10423.2646752
"burchetts green",24561.8688844
"hatfield",9967.4989191
"yarmouth",54638.6397657
"grange-over-sands",12857.6866431
"maidstone",14662.1747527
"coxbench",-19117.5159343
"port solent",-7057.43205091
"carnforth",4528.00576637
"lostwithiel",15865.5295453
"hurstpierpoint",40601.1866532
"goldthorpe",11249.8329589
"paignton",530.047140677
"crymych",6044.75511197
"loughborough",14572.9080881
"great missenden",27337.5376574
"ramsgate",9643.10362548
"shepshed",32418.4303057
"west halton",76944.0536885
"isle of anglesey",47604.4665818
"irlam",55864.2408129
"stapleford",-14462.2866562
"woodford green",25431.5425847
"seascale",31347.2400171
"iffley",16629.4756402
"peterlee",16104.6326278
"wirral",-1568.06530816
"ratcliffe-on-soar",27821.6366394
"old warden",36813.7968844
"rockbeare",12614.9691156
"willesden",3820.61551948
"bensham",14860.6838251
"edmonton",33740.8728109
"stevenstone",7482.99091795
"sherbourne",14432.8288665
"cumbria",46199.6555974
"kirkwall",10063.7319331
"coedpenmaen",7932.39709205
"birmingham",13126.1025813
"newton-le-willows",25821.4788314
"gretna",22133.0295037
"hadleigh",9350.66988503
"grangemouth",14364.4192354
"greenwich",44533.4810451
"hingham",568.951384574
"aberdeenshire",20758.6244979
"byfleet",21603.011295
"blandford camp",24029.3917813
"woodstock",40548.9711854
"ely",36345.4431605
"hedge end",34830.8963357
"tring",32997.4380711
"faversham",42340.6708163
"haultwick",54612.1840591
"oakdale",62773.2653442
"wallsend",16782.9884079
"hermitage",17991.1306873
"teddington",8561.12329922
"morriston",3323.67705076
"newton abbot",-1050.25459417
"peckham",32442.061714
"heysham",105536.730994
"fulham",41781.6097953
"sawston",22603.8320917
"newcastle",43121.7177251
"forres",41436.4524246
"westcliff-on-sea",30069.9530718
"corbridge",40660.5285772
"hinderwell",9294.66117568
"dinnington",-30037.6091125
"frodsham",9861.91601181
"shepherd's bush",27537.4409706
"liversedge",-17114.2401577
"felsted",27932.575498
"paris island little",53301.1618285
"south killingholme",7824.15022221
"deal",23857.6059973
"axminster",11800.5170316
"north cave",-1243.062733
"walthamstow",3716.48057023
"lemington",26237.1544204
"great yarmouth",11871.5699224
"heathrow airport",21859.6346949
"east wall",71304.7046529
"craigavon",8790.82985203
"camelford",8150.5593706
"crumpsall",434.540053198
"coxheath",10074.6590215
"kingsdown",29775.5188198
"knighton",-27926.152887
"aldermaston",14977.2891894
"annan",32010.9692259
"wellesbourne",27973.1892338
"hampstead",30911.3277329
"swanscombe",4541.32006935
"aldford",34147.3617616
"newmarket",19275.5326793
"port charlotte",61378.689836
"isles of scilly",33452.0052178
"macclesfield",33913.5022731
"rotherham",2437.51035722
"bury",3776.86831624
"harmondsworth",26693.231045
"goring-by-sea",2386.74811893
"leominster",6646.72585212
"argyll & bute",8812.48703432
"solihull",9256.55617958
"stanford-le-hope",-2870.60191657
"chiddingstone causeway",12817.8688844
"rivenhall",44263.0303315
"thornaby",-7173.00582367
"bath",22188.0717543
"wandsworth",50428.3972399
"neyland",26409.3558308
"salisbury",-5521.574598
"cardiff",5854.32819807
"altens",34639.3403306
"south molton",18994.0455007
"woking",54006.9331636
"crewe",7984.24944508
"newstead",26197.4391295
"biddulph",26483.2579699
"cleethorpes",31680.7969357
"westlakes science & technology park",2021.88977904
"eastcote",4061.15880102
"annesley",10229.0663037
"alcester",18121.1500029
"cranleigh",17179.7181289
"north yorkshire",59193.5172616
"westbury-on-trym",24975.0419737
"st. leonards",56535.3330906
"brockworth",41660.0300391
"atherton",20050.9951115
"iver heath",-4965.93566706
"lochgelly",67076.8512137
"ottershaw",3218.21408048
"carmarthenshire",37568.449158
"ford",52468.6190444
"buckingham",7140.99983086
"westbourne",28786.9736847
"rastrick",-18688.6810422
"auckland park",91628.013246
"immingham",40845.1652636
"calderbridge",85482.136332
"herefordshire",31408.5039171
"abbots langley",22810.9112942
"englefield",28012.1311808
"plymouth",10795.7456924
"west kensington",-347.532571765
"walkley",7371.51634071
"chigwell",30566.0036401
"flitwick",7642.9145004
"thames view industrial park",20483.5041576
"twerton",41762.708668
"yeadon",44567.6699625
"churwell",-7783.59914704
"glasgow east investment park",23297.1109091
"the ridgeway",16242.8101221
"tyn-y-gongl",16228.483211
"mold",23152.3033574
"west stockwith",15651.0129548
"burnham-on-crouch",44361.7317198
"merseyside",8042.0347435
"sawtry",18019.0356354
"ditchingham",27319.9435893
"faringdon",4382.37896771
"oban",15106.5734614
"east london",42573.040536
"acton",35445.6656108
"pickering",3456.2644035
"newbridge",14624.5675372
"bourne end",26678.3461895
"falkland",44762.599514
"leek",20507.5332708
"canvey island",10572.4627541
"seer green",132964.386231
"peebles",32518.0865911
"truro",-4490.25842328
"elvington",6918.10831652
"yetminster",4976.45959319
"new durham",30541.7019741
"alvaston",60527.5889109
"billingshurst",-6222.50745932
"mytholmroyd",7395.32228738
"longstanton",11390.8528347
"devon",5092.51841128
"ruislip",22223.7464491
"upper basildon",62296.9258813
"faulkbourne",1553.19567019
"east dean",19129.9044254
"stoke",36009.1375313
"blandford forum",25494.5032921
"halesworth",-3689.62978139
"tottenham",25861.3973431
"edgbaston",18398.6149131
"consett",25802.9851464
"kelty",-14448.5643199
"sherborne",12995.5779151
"magherafelt",-32245.0270685
"cardiff international airport",26884.7953789
"guiseley",6678.70334836
"nursted",11955.1320508
"cricklewood",75251.1498383
"toomebridge",-208.731528079
"matlock",-2273.74090924
"st lukes",48956.141443
"bridport",17901.2379242
"heriot",29404.5223111
"thatcham",12380.7859717
"tonypandy",1401.41101679
"stanton-on-the-wolds",9561.87438013
"emsworth",-14955.6638778
"isleworth",98268.9967746
"battle",12249.6334944
"shoreham-by-sea",36359.0932976
"cuttifords door",39872.7023484
"fradley park",11157.7788584
"chepstow",18479.4133392
"surrey quays",56457.3836289
"talsarnau",9935.50485873
"sawbridgeworth",23781.1229288
"stirchley",12302.4746973
"mill hill east",56223.1278538
"dartmouth",20221.0346956
"hartlepool",23004.0308637
"hoddesdon",27569.1959997
"east ayrshire",23607.8489952
"norwell",21210.6109331
"woodley",-3836.22747928
"coscote",56410.7140337
"welling",15048.2222169
"appleby-in-westmorland",26044.9881691
"h m naval base",70496.4397899
"bracebridge",5976.90454805
"east midlands",33913.1862825
"bradley cross",-8120.02192319
"walton-le-dale",75855.3227407
"leven",19856.2365502
"ryton",-3493.9334029
"south mimms",-1439.73669028
"wakefield",24284.3217273
"birkenhead",4313.04443295
"settle",13982.9009965
"rowsley",11130.3127262
"ealing",8324.97029432
"dronfield",17746.0527509
"longhope",-2537.972166
"enstone",70321.229072
"holywell",13516.9088706
"shepperton",18095.4132318
"telford",19715.706035
"stamford",22856.5634976
"new quay",5345.59599252
"isle of harris",25015.272449
"trent",5558.22458392
"crianlarich",12078.4514444
"wellington college",4888.17355382
"hertford",36461.3566787
"somers town",115877.608086
"four oaks",3153.57673596
"crouch end",42062.107742
"knightsbridge",49578.39923
"bury st. edmunds",4734.30093573
"corby",19786.0257617
"dolgellau",16159.4140068
"bromyard",54197.8082925
"llanidloes",8033.54360795
"goole",26800.9421763
"wroxham",-35682.5833694
"chilton",18948.5469676
"east tuddenham",13250.5911815
"low common",21698.0064414
"easton",3289.05306689
"stourport-on-severn",32065.8732238
"box",4415.18694295
"kegworth",15749.0878187
"bathgate",783.899553529
"silverdale",24211.1620371
"thorpe st. andrew",-32913.0634725
"cambridgeshire",12572.7254779
"sunbury-on-thames",46550.4630985
"cheadle",-299.896193863
"spennymoor",5032.22589503
"christchurch",14217.9223873
"seaford",22933.3000254
"chesterfield",-6465.5313088
"victoria docks",25550.2034762
"needham market",72277.3633871
"ayr central",8083.78468448
"skelton-in-cleveland",29132.0802481
"taunton",12791.9470877
"witham",5691.88554206
"durham",21665.0912323
"watford",29217.912716
"springside",472.446341568
"mickle trafford",-7260.38789629
"dinas powys",46912.6152199
"lount",23474.9879491
"nantwich",15673.5361142
"stroud green",-22005.2498567
"blackwater",-29986.3576928
"aberfeldy",4038.3818328
"milford haven",31733.5120611
"northallerton",8111.93124319
"ballymena",21248.6722366
"meriden",9712.60199452
"slough",22484.0782069
"ramsgreave",3873.1003755
"laurencekirk",2934.94862919
"airdrie",36688.3031235
"milford",12652.1298343
"kerry",42652.9611778
"mansfield",19423.7050758
"cosford",-15643.4004093
"bovington",800.782703047
"newry & mourne",7811.31724253
"wool",20435.1702261
"haddington",24075.797946
"biggar",1067.95216433
"urmston",32275.8045246
"folkestone",-1059.17216511
"midsomer norton",16109.3380418
"bramhall",28659.9310467
"welshpool",22577.8224432
"north tawton",15397.4235357
"silsden",-3365.30365756
"cairndow",17306.0280817
"north london",17451.780654
"lanark",8796.57326887
"beverley",12353.8426047
"chiswick",25826.3771682
"pagham",-13754.6807862
"sewardstone",63568.5484047
"thornhill",52100.8333623
"retford",14988.8543585
"potters bar",15549.4547274
"cheshunt",65087.4126816
"armagh",11269.9406072
"lytham",4955.02353786
"ampthill",9812.38733475
"thorpe larches",14287.0366172
"cayton bay",15474.3902823
"kilmarnock",39224.3223839
"tuttington",38391.958055
"bolton le sands",6355.06437199
"eccleshall",13782.8596774
"builth wells",-64452.837082
"knutsford",49844.9091816
"knowle",19609.5082806
"southend-on-sea",30075.8756772
"virginia water",37628.6132178
"longtown",5887.43672898
"whiteway",17961.9340255
"mitcheldean",7619.81977287
"sandown",-20138.0869737
"carmarthen",-1462.50817914
"alnwick",3989.47882852
"tockwith",10074.0583538
"havering-atte-bower",39970.2046991
"lyndhurst",24120.8012043
"swaffham prior",23082.6260267
"bedworth",5992.58645581
"larkhall",3259.68073414
"wrekin",-4179.19204703
"coolham",16441.4396765
"docklands",28241.3800608
"thames ditton",11853.6721453
"fleetwood",-1756.14712814
"collyhurst",31531.3145828
"county down",29226.8992531
"waltham on the wolds",51131.4046015
"northampton",5939.90414657
"blairgowrie",15944.9662978
"sidcup",11396.6346232
"earls colne",2360.69210142
"lasswade",10538.0211452
"hotwells",49227.3115104
"church stoke",5741.45582727
"hawarden",245.859058976
"hillsborough",-5756.08091455
"wrexham",-8570.28384842
"oakley",41888.4624696
"lytham st. annes",11423.1764099
"millom",24028.5387892
"ipswich",-596.93058659
"barnetby",31915.2374708
"stonehouse",26445.5934139
"princes risborough",20426.4663466
"blackford",7813.478612
"clowne",6531.52734191
"market rasen",12704.8422529
"seaton burn",7853.07407066
"cuckfield",-15597.5453965
"torquay",3266.95743841
"ashtead",30412.1843988
"crewkerne",2155.19605489
"west hampstead",25502.0034767
"barrow",23075.6516055
"brompton",21660.6920935
"market harborough",38424.4560197
"larbert",1682.43133479
"abbey wood",41751.5117404
"east hanningfield",14956.5574861
"wendover",25266.4858066
"middleton",23316.7959843
"shaftesbury",-3755.65120937
"egremont",2988.01144552
"windsor castle",8449.57761607
"castleford",-15241.2258915
"winscombe",41944.3556063
"tiverton",16358.2803731
"chesham",6937.32828638
"wall hill",16919.3291951
"biggleswade",20163.5886309
"sandwich",17237.7365149
"blantyre",10531.8728727
"london stansted airport",36548.5520515
"carlisle",30175.654343
"yarm",3783.13843299
"trowbridge",2125.90897995
"park street",22438.2043359
"broadgate",45681.5381579
"kenn",48533.3002348
"wotton-under-edge",12862.653603
"thirsk",7456.00304091
"whiteley",29333.3646374
"kent",14137.1878028
"northern ireland",38058.3471204
"camperdown",15952.7542306
"southwell",54362.7867935
"tarporley",33358.3071813
"billingbear",21335.1605051
"lindrick common",959.262371134
"bridgnorth",14258.4066775
"sheffield",15050.4334212
"ash vale",10094.5727569
"harvey gardens",42268.0034878
"swinton",17210.7358717
"aberystwyth",10187.4320685
"flixborough",14756.983608
"shenfield",5738.28500306
"birstall",8145.27964641
"california",61647.0174698
"oakington",43125.0549836
"keith",24610.4491028
"kidlington",38944.0336518
"horam",23339.2640294
"isle of arran",18167.9070965
"southwold",15947.5021393
"crown east",100828.559982
"elland",9839.67575682
"heckington",18625.2976432
"ripon",18478.9624263
"laindon",5021.52643555
"newquay",15755.6422806
"pentre",20484.3488182
"sutton scotney",10353.3922537
"charfield",23455.5294698
"ilkley",5380.19994201
"padworth",12200.8042641
"south elmsall",5103.10681618
"halton",56175.4919603
"westlake",53094.8473706
"chingford",6723.88169618
"bisham",47714.9987046
"belgravia",22421.522136
"whyteleafe",32838.8044727
"heathfield",21627.9951857
"steyning",39720.9489815
"bradshaw",12754.6380859
"south queensferry",6315.2551508
"poole",-1072.71217144
"fairbourne",33452.7521525
"city",39336.9354647
"cranfield",12723.0077212
"ebbw vale",7883.80326724
"llandinam",15064.3263232
"stonehaven",9660.96222974
"flint",-7419.20854524
"east ham",43444.0933422
"deeside",15972.0757474
"beaconsfield",13491.6845244
"scarborough",7337.69937111
"bircham newton",2972.80276596
"melbourn",-12011.4162203
"fishguard",2434.70072898
"brixworth",45719.3913941
"kilbarchan",42914.9673593
"cornwall",19028.8042028
"burton joyce",-8710.01161686
"old dalby",22964.4410999
"upper sydenham",3002.49774712
"hartford",39286.7075447
"andover",9570.99152611
"ongar",32801.8880566
"st. leonards-on-sea",21385.7096066
"shirley",42332.3131292
"wincanton",12411.3045956
"wymington",46781.4972611
"colne",5005.92172294
"henlow",44548.4355485
"wellingborough",12751.0604244
"market weighton",-13149.961255
"kirkham",21961.7523694
"cowes",66438.8325615
"forest beck",13175.5711793
"yeovil",26812.3577484
"kidwelly",13169.327979
"tyseley",-16192.9370039
"stockport",21784.0083956
"southgate",47966.2123115
"johnstone",8823.1990709
"portsmouth",28052.3068596
"monmouthshire",1824.87906208
"angel",16327.5983076
"alston",4190.46915687
"preston",65041.5154906
"lyme green",-2170.60588342
"worcester",8577.24125068
"manningtree",829.27653636
"cowbridge",-10660.2065928
"banham",-20133.6227039
"torpoint",8914.53200969
"colwyn bay",4355.20501661
"borough",46755.811439
"windsor",14080.0136817
"birtley",14354.7962527
"pontypool",19463.2392088
"kempston",18712.0729459
"blaydon-on-tyne",25977.5785764
"walnut tree",20201.3638297
"daresbury",-8501.94144239
"horncastle",13069.9180558
"beccles",38298.1590682
"morden",43778.246788
"denmead",36760.159493
"leatherhead",16467.2640644
"southwark",41215.8584993
"aldham tye",18482.5707295
"east leake",-192.005123192
"templecombe",-9240.32372776
"sutton",33396.8224396
"gorleston",32847.0634913
"st. pauls",5547.44403663
"godstone",17093.0610847
"lightwater",11186.0415702
"felixstowe",11006.800029
"sale",7162.50659074
"ceredigion",33450.5041127
"dorking",-4204.88702667
"axbridge",43543.2089397
"soho",-581.429550371
"bedale",52077.4324426
"leamouth",65088.071754
"penge",20891.9918034
"the home",10444.8642134
"leicester",9834.70980149
"midhurst",13325.6773699
"londonderry",45158.2261507
"droylsden",538.827858422
"leighton buzzard",13527.4080457
"cheam",11517.5562597
"eastbourne",27540.3874829
"king's lynn",22181.643436
"braunstone",20843.9213195
"sherburn",11271.6090034
"hope valley",21089.2541803
"west ravendale",17879.6841711
"great langdale",13308.3323618
"chiltern green",24780.3449342
"lauder",20132.6223195
"brigg",-33.6773461674
"banwell",345.060522187
"orpington",40845.8384875
"the headland",2116.45788067
"hanley",33243.7790909
"staines",24360.2711106
"neath",24099.9110616
"norley",23457.2374332
"wroughton",7053.27613353
"new haw",8967.6323069
"back of avon",-2438.63466584
"brookwood",-6627.88707689
"marlborough",8866.39919177
"oxted",-7403.5448047
"hailey",-2627.22154865
"eynsham",10245.1243309
"holmrook",97857.0443094
"taffs well",30887.5527322
"uppingham",-15428.7641309
"wembley",28644.9813426
"culmhead",-7260.8959241
"stratford-upon-avon",25311.8073559
"penarth",3641.39572235
"whistlow",110800.381391
"cheshire",6696.79268289
"church stretton",250.701219565
"hungerford",-9265.27966833
"market drayton",15547.8041182
"cleckheaton",12198.6179247
"backwell",2528.06337042
"cowdenbeath",16903.4214847
"botley",-3223.33707601
"elstree",2731.40647956
"little bromley",43549.2389433
"blythe valley park",17573.1539037
"broadway",21569.473564
"stanley",38452.5213987
"hartley wintney",10546.2718272
"brentwood",12740.2785719
"gillingham",25589.4793724
"swindon village",25064.2355774
"kings langley",8571.22400362
"east dulwich",21447.9435893
"lewisham",25687.0038112
"mancetter",92843.2686125
"east harptree",24670.1877052
"capel st. mary",15859.2933107
"dartford",44396.9937407
"bembridge",25527.5391871
"reading",31211.2451171
"barton-upon-humber",-9723.72735577
"clerkenwell",42203.8777111
"horley",-3443.38184637
"low seaton",-5121.90589888
"lopen",12070.5981951
"piccadilly",25409.8074014
"moortown",5112.81997253
"ivybridge",-1112.30373957
"clayton",-9175.01095551
"ryton on dunsmore",16339.9424199
"burscough",16774.9005467
"rugby",12399.6451065
"lathom",33541.9651071
"kincardine",15935.1543166
"staffordshire",15689.3886271
"thame",17532.7813624
"totnes",8005.43367937
"walsgrave on sowe",67652.8928784
"bruntingthorpe",20845.1333419
"edinburgh technopole",853.123204074
"sittingbourne",19016.6343158
"porthmadog",2885.37672898
"weston coyney",28142.9408858
"grimethorpe",30306.9891189
"kingussie",13607.1351961
"banstead",19883.2846757
"ellesmere",27618.4156258
"eastgate",10461.5745474
"west ham",34010.7313859
"leckhampton",4371.52946976
"st. asaph",16223.4156294
"ibstock",1234.88713609
"kirkcaldy",9219.20687588
"barry",9381.56242737
"shanklin",2233.93219337
"chipping campden",18673.5869184
"mansfield woodhouse",17233.4639909
"borders",21701.956387
"worcestershire",15793.9009435
"coulsdon",53378.2228286
"renfrew",14885.8118381
"clarbeston",8870.65012626
"rochford",12262.0775066
"arundel",21012.7325628
"willenhall",11366.3614529
"sunningdale",39793.2377624
"denbigh",24711.7553389
"ardleigh",9452.30245486
"newton mearns",21908.9010755
"west sussex",25597.4187568
"penryn",4018.91744263
"ringwood",-9024.20940078
"arnold",28990.7343638
"hayes",67065.1247026
"iver",7267.41602209
"bellshill",31419.7723127
"emersons green",16434.5167828
"alva",22689.4421987
"bicester",-2837.22955196
"bishop auckland",12480.0110789
"llandudno",18678.135819
"cwmbran",16257.9063336
"elgin",11251.5742851
"west norwood",26163.3102815
"the cross",51942.8639879
"longbenton",-16156.4226144
"petworth",26158.7552081
"south west england",29244.1730347
"lowestoft",39266.1490549
"tremough",12356.8879872
"west gerinish",18202.0055792
"great kelk",14898.3175164
"grimsby",46315.1834229
"par",4705.14649812
"basildon",180.764498217
"east holton",16095.7957931
"cumbernauld",39120.867365
"north ayrshire",33753.5685341
"pershore",12827.192561
"burford",14082.5957394
"garston",14690.1331572
"bradford-on-avon",24434.2337096
"wimbledon",5163.54687405
"barrow-in-furness",27246.6180657
"maple cross",51846.373761
"ashbourne",-2462.65082511
"bethnal green",10122.1619375
"horsham",4705.66906442
"northam",89437.9635399
"countesthorpe",-25406.8141664
"sutton weaver",10006.569549
"northaw",56015.6748341
"west drayton",29039.6756641
"newcastle-under-lyme",8521.4493491
"yelverton",24142.2024725
"whittlebury",71279.0166442
"peterborough",3741.39417006
"drayton",9952.1621241
"wellington",15224.4756208
"poplar",31954.5575972
"guernsey",43884.7024248
"newton heath",61078.7700118
"streatham",32326.9273615
"lewes",32152.5692223
"bromley",32524.5995091
"cradley heath",16915.5593022
"kirkintilloch",9917.3613002
"stockwell",24731.2510988
"cronton",3187.78888444
"stalbridge",19697.5265177
"melton mowbray",16640.1829206
"melton",22481.0515646
"surbiton",3497.92575987
"sheldon",17240.8343028
"caton",20661.9831784
"skipton",11276.2329439
"erskine",19932.2249312
"portishead",-1417.19905897
"cramlington",15097.4814785
"southall",55819.52512
"great blakenham",20085.8177019
"perth",54026.7387778
"sedgefield",35428.5213729
"oldbury",20862.6602791
"burn bridge",-2169.0282453
"linlithgow",33409.0943785
"stevenston",23824.5877817
"bordon",660.554507872
"hammersmith",26678.3279131
"chalfont st. giles",15552.5610988
"garforth",-2767.29668711
"new holland",10398.9530608
"tilbury juxta clare",34596.8926299
"worle",75231.3336864
"clacton-on-sea",8767.03383088
"radstock",11612.1692484
"thrapston",150.321767975
"lydney",20856.4807658
"new barnet",30522.6877493
"waterglade industrial park",31567.3945017
"measham",12198.2934866
"rochdale",52949.6559565
"edgware",35416.853059
"eastern england",34630.5035958
"bourne",17791.6474766
"new romney",27268.1337201
"moreton-in-marsh",17209.3802439
"winterborne stickland",8308.14576575
"cookstown",9069.96237114
"sandwell",40361.0519216
"welford on avon",18734.1030904
"sidmouth",15151.2488059
"stornoway",12218.3040195
"haslemere",17935.3059262
"wigan",14995.8839337
"westham",25294.1275139
"bromley-by-bow",10043.7229264
"wokingham",29328.8304963
"llanberis",52724.9886876
"dunbar",-1837.82723602
"dudley",22482.4410722
"moorgate",17742.9449879
"bexhill-on-sea",83926.4508439
"speke",-2091.02340183
"thurleigh",21650.6545987
"liphook",13355.7915767
"eaton socon",-5057.28312459
"chester le street",50215.1871259
"purfleet",24493.3399339
"holywood",21509.6560067
"rawreth",20045.5794885
"kilmuir",13578.464628
"seaham",26578.234186
"welwyn",8753.58230021
"wheatley",17833.5836727
"maida vale",26752.0147964
"high peak",30491.4881467
"drax",10293.3666877
"hindley",-5644.8387596
"kingswells",25118.7134117
"st. fagans",6559.48957098
"swadlincote",31194.8288252
"portscatho",19414.3913294
"new longton",-1977.89225797
"st james's",31217.0860207
"weybridge",5439.6021591
"blaby",228.595811872
"stone",-432.691932517
"walton",-18591.3607197
"billericay",13706.9504399
"sparkhill",43009.1432828
"walton-on-thames",13776.4813691
"bourton-on-the-water",6017.9997488
"barnsley",23982.038366
"hungerford park",-14774.4587208
"cambridge",21927.3133641
"wantage",37397.9626839
"essex",7506.33436458
"irlams o' th' height",49765.7268339
"petts wood",29869.6225962
"formby",34814.0835893
"haddon",-868.010044767
"congleton",-6025.08563013
"catterick",9546.87973584
"burton",69987.7798293
"burleydam",24326.1840218
"darwen",24565.2557371
"southfields",54121.5988258
"didsbury",7258.63994876
"lyme regis",22044.243435
"philadelphia",85446.5302958
"hemel hempstead",4149.74871265
"bude",-5780.02895748
"somerset",16880.4326822
"stoke mandeville",29289.6777641
"ilminster",8451.13819258
"woodbridge",29726.5815384
"harpenden",15757.3874172
"wallyford",-437.974807258
"penllergaer",36266.7889011
"bonar bridge",8989.35505224
"long marston",-2800.35998675
"dagenham",34549.1723021
"paddock wood",51429.6190495
"musselburgh",13602.3046424
"farnborough",19011.4867654
"putney",25729.5936955
"leitrim",88102.87132
"castlebay",9363.82512822
"south lanarkshire",19899.0135248
"tipton",17818.7055191
"south croxton",-5855.37056615
"ludlow",-2981.89683811
"broadfield",9366.9812054
"langport",10840.5069175
"kilwinning",26921.26284
"the vale of glamorgan",-20582.7787157
"abingdon",20174.1412417
"uig",31290.2975723
"watchet",9417.08478728
"staple hill",67008.4313348
"liverpool",10966.1302125
"houghton le spring",11734.5413255
"knottingley",21643.8293477
"crookham village",40349.7296106
"stansted",19755.0428638
"lambeth",33902.8083922
"cullompton",10698.4307038
"chellaston",16731.716176
"brockenhurst",17454.4013776
"poulton-le-fylde",-11925.1631749
"mill hill",11036.3111142
"linlithgow bridge",36946.908409
"st. mellons",25989.6953706
"cutmill",-1016.02316122
"south godstone",47551.3713286
"strood",27777.947853
"little tring",48174.5409785
"bardon hill",24835.6329708
"chichester",10723.8647868
"pontefract",20408.147459
"daventry",22253.1774525
"guildford",16187.7880633
"kinross",16414.8963985
"castle cary",26917.3727989
"cheltenham trade park",13809.1382655
"west kingsdown",3590.71962992
"glemsford",13748.0233664
"isle of colonsay",26314.262267
"hillingdon",34491.1827665
"nelson",5464.08286968
"havant",-11279.619766
"little eaton",21338.5700991
"bolton",2852.30643003
"merthyr tydfil",16074.2522745
"wallasey",5806.19425213
"diss",14919.1221447
"bickley",27774.7481143
"corwen",16177.4248621
"carryduff",15659.9166768
"rickmansworth",43967.6895062
"bakewell",12681.8473982
"heyshott",60168.2725249
"west handley",8324.92435315
"cameron",36653.9749799
"isle of south uist",23734.8473706
"wigton",2017.51367382
"mayfair",38442.9935422
"wadhurst",21422.9306869
"canary wharf",79449.9993688
"dalgety bay",25150.8175124
"east molesey",82772.6854587
"killingworth",66290.5528801
"bracknell",17134.9452633
"lincolnshire",37169.5285591
"aston crews",30602.3968859
"wimborne",15633.0771395
"little oakley",5710.82862575
"llandaff north",34146.5458389
"kidbrooke",19549.3585368
"brooklands",9873.40731275
"norfolk",17313.9089438
"dulwich",10642.555095
"morley",5776.68727187
"watlington",10823.9534702
"angus",14816.5565853
"westbury-on-severn",31965.7331052
"romsey",17292.2143675
"sutton green",17143.6044753
"girvan",23932.4159353
"sand",7750.92393126
"bangor",26636.8960956
"ashington",-631.410040513
"france lynch",36656.0802558
"faygate",13566.6835644
"tarring",10508.2944272
"fulbourn",15951.1400155
"camberley",21586.8319463
"nuncargate",-7412.44216491
"goodwick",8004.50774203
"castle combe",30671.682136
"south acton",42466.8399769
"healey",-4325.73548891
"winkfield row",16989.2690134
"runcorn",-18029.3805078
"grays",10071.8909873
"south east london",17752.6038262
"shefford",34278.9998798
"perth & kinross",64082.0256501
"eaton ford",27869.7208572
"coleshill",20525.7347364
"sevenoaks",10869.1911533
"east sussex",47306.6766421
"south east england",53069.2560906
"banchory",52056.8333931
"tenterden",28476.09488
"buntingford",9586.19203808
"stoke-on-trent",14809.1990943
"furness vale",-291.560023353
"redbourn",10731.9492527
"leeds",42367.0543441
"lockerbie",33901.6567926
"deptford",-25717.3205498
"berkeley",5594.20109684
"southborough",31091.8837645
"alderley",15107.4609089
"little padfield",16376.929
"farncombe",44740.2186769
"westhumble",59783.0012642
"shildon",8611.64609965
"antrim",2827.78318418
"north harrow",53226.9405074
"wingrave",17358.1958094
"llay",3622.87765464
"stradbroke",7496.71526936
"north finchley",63419.5781291
"gloucester",30032.6663585
"alexandria",25864.5597511
"wallingford",13769.1526385
"wigston",9748.47001648
"hest bank",41052.3689588
"aldringham",16501.6799895
"stillington",-10824.473474
"neath port talbot",9328.70974672
"holbeck",8528.40948231
"new zealand",152504.713115
"bagshot",37703.4430771
"llanybydder",13513.8538224
"eye",41760.666302
"torry",30851.3452279
"oxfordshire",6107.28016534
"mitcham",41480.4871863
"north lanarkshire",31636.1675736
"crowborough",22823.6733001
"chorlton cum hardy",20855.4805521
"isle of coll",29847.795807
"peacehaven",14368.8713243
"inverness",28260.8181613
"inverurie",10564.5843228
"caldicot",14468.3672353
"marylebone",36413.2051217
"ashby-de-la-zouch",5365.0608942
"burntwood",36089.9670112
"north lambeth",51908.3660945
"ryde",54788.8527546
"kenyon",35075.290434
"bedford",12042.8098023
"shipston-on-stour",3304.03244526
"southminster",59606.2515923
"north east lincolnshire",55832.7893253
"hawick",13417.6118571
"west markham",-21595.8060044
"barkingside",30142.2185809
"abram",16715.5485683
"spalding",-3156.39625607
"tonbridge",-8472.23549883
"wycombe",-480.204012165
"fort william",-7474.73603821
"inverkeithing",13828.5954136
"llandyrnog",7062.78341617
"belton",27658.7922912
"rye",23392.222291
"great usworth",32373.031455
"galashiels",17594.0664793
"chipping sodbury",2770.36892359
"deepcut",17624.910472
"limavady",11225.2562573
"west wycombe",17258.0477787
"tatton",33039.2195417
"purley",48674.6753529
"clackmannanshire",49430.8779139
"robertsbridge",22901.093582
"stroud",-12306.4638691
"langley",19741.9223503
"sefton",57422.7771728
"cromer",10217.8885524
"well end",35118.9181697
"sellafield",110258.828681
"whiteparish",12770.0822333
"marlow",28992.2754537
"ferryhill",23514.7418054
"barnstaple",30357.701738
"north ferriby",48346.5302277
"caerphilly",16734.658604
"callington",25470.2034021
"leigh",-1488.28005211
"todmorden",34384.0900357
"yateley",3895.32509685
"maidenhead",19319.7196653
"wolverhampton",-104.805250164
"darlington",24939.752911
"coatbridge",-4875.45010234
"brewood",16428.6469485
"barbican",54099.808749
"nottinghamshire",42246.627145
"bishops castle",241.749191187
"ashton with stodday",1499.59867878
"shotts",1642.60662335
"seaforth",18408.5240796
"south brent",4227.75306979
"lindfield",57047.3510723
"bargate",46160.6092647
"worminghall",14368.886766
"sutton coldfield",-1663.49492417
"great howarth",10022.9580138
"shetland",18591.4340404
"hornchurch",-1922.47558016
"long sutton",9928.642114
"longfield",15167.5905531
"oxford",28443.3418585
"harrow",31887.268162
"bushmills",7581.69002355
"invergordon",57923.7512232
"rhyl",7006.08227729
"porth",28663.2458147
"broseley",37331.2936484
"alford",22218.0305747
"penmaenmawr",7592.59876596
"upleadon",5531.61201175
"pinxton",12102.741938
"white city",2299.2643558
"skegness",11131.1944001
"haydock",55411.0357833
"llangennech",11573.5375129
"rossendale",5127.73214034
"penicuik",20316.526016
"scawsby",-17310.732456
"tadcaster",12762.2666318
"worksop",36401.2016318
"barrow upon soar",16278.0786146
"portland",44409.2533139
"hartley",14505.1946295
"gourock",27916.7903857
"shifnal",13728.2183511
"ticehurst",5790.1564315
"south yorkshire",1804.68492577
"billingham",33889.3016836
"tyne & wear",-8202.24823452
"kensington",29222.6946606
"douglas",6328.92738414
"north ewster",49233.644438
"mildenhall",18169.6334543
"westgate-on-sea",23280.6151627
"annitsford",50327.463548
"ulceby",26119.8703568
"crediton",13519.7947989
"mapperley",14733.4782802
"bucknell",-837.927651784
"biggin hill airport",49569.0140373
"norwich",21565.9245541
"brackley",34241.4140833
"acocks green",-542.482124506
"selby common",32107.3412212
"louth",23084.0306352
"fakenham",8913.52333437
"duns",9398.79451061
"southend",9008.17791936
"dorset",8251.06849475
"chantry",11987.3113891
"selkirk",9871.71419778
"blaenavon",45452.1612384
"bodmin",12772.9365212
"desford",-9603.64100726
"ruddington",11299.7898109
"herne bay",27370.2446374
"lampeter",-7065.50856822
"bushey",3637.12540399
"new malden",23230.3967559
"llansantffraid",39358.7467915
"braintree",17722.5133542
"chadwell st. mary",-3475.56562887
"torrington",12406.3197574
"stranraer",8177.81893698
"welwyn garden city",34179.5786382
"wynyard",4371.52946976
"stoke poges",-997.810576509
"frome",24738.4712379
"cheadle hulme",-4605.00722087
"hinckley",25189.2014741
"twyford",-11710.2953574
"littleborough",43288.381318
"newby east",30702.0227334
"charing cross",133.297126992
"newton solney",57021.381799
"bridgend",8215.78010741
"rushton",52044.8300189
"meopham",27841.0722612
"pinner",14586.6583479
"ewell",7367.44002414
"arlington",67016.1794611
"portree",17128.5841519
"st. mary cray",12655.7233974
"gibraltar",453.86821801
"porthcawl",16742.4021649
"newport pagnell",46491.3331537
"henley-in-arden",-8829.7578543
"park",81305.8244211
"whetstone",33222.3178602
"aberdare",3424.93977162
"haddenham",13213.4641178
"padstow",7033.28023191
"isle of skye",26868.398378
"turnpike lane",36432.1652498
"jedburgh",74989.157674
"north wingfield",23987.551625
"craven arms",-1630.40402094
"st. agnes",29176.7679324
"islington",19942.5836948
"southampton international airport",20600.5759624
"lancing",5085.15720749
"helston",-4522.6435198
"wattisham",4095.33272013
"burghfield",16294.1565249
"north west london",38355.8022021
"longbridge",61492.8112751
"blaenau gwent",22499.3005191
"barking",14232.5379668
"tottenham hale",43865.7873765
"kesgrave",14984.4122426
"saltash",11663.3067122
"uxbridge",30687.4936291
"colnbrook",-1185.7998398
"cardigan",8770.77404518
"rochester",18380.9849118
"medway city estate",19584.9843791
"scotland",66113.0886543
"overdale park",-12053.5822796
"two mile ash",24562.9204131
"ruscombe",70448.2587025
"kendal",8766.2649784
"halstead",17450.7024751
"weymouth",18787.8443792
"north muskham",24995.9109073
"cornwell",3070.45196975
"yorkshire and humberside",2782.89946969
"rhu",21548.4591744
"cuffley",118378.3851
"styal",14306.5344473
"mortimer west end",27729.6092336
"newtownabbey",11748.3473753
"chard",13456.5617884
"stevenage",39717.2995657
"deane",15975.1193219
"southampton",26231.7461382
"crayford",26294.2897123
"littleham",55422.2555579
"much hadham",11099.6507659
"uckfield",3995.5184578
"treorchy",-8064.62439886
"dornoch",6417.29133076
"chester",-17254.1562116
"sowerby",-7047.05282187
"little ilford",13790.377274
"surrey",21495.8239216
"cheltenham",6421.52926376
"launton",-2693.45766753
"hassocks",27685.3118641
"hook common",112014.136919
"richmond",28961.962677
"wymondham",-2860.86132097
"derry",6782.87259571
"tiptree",-2063.095629
"isle of barra",17428.3701014
"cressington",39060.6528763
"market deeping",-3389.94827508
"newarthill",11323.9190179
"lympstone",28777.7060046
"alton",19786.6710701
"wavendon",7494.45283645
"beeston",17365.8331539
"woodside",59954.919338
"southfleet",-24325.6142663
"chadderton",74517.3801705
"great warley",4953.93560955
"peterculter",-19069.5314087
"reigate",45271.5783154
"south thoresby",61133.3467338
"ladbroke grove",26465.7237434
"ullenhall",19269.4083172
"heckmondwike",222343.322677
"harwich",28294.7127954
"northwich",16524.4891337
"buckinghamshire",-12537.4579896
"exning",65000.1043434
"luton",12278.410582
"boldon colliery",21404.766073
"stirling",9226.69023165
"blakeney",29639.2085117
"north ripley",17209.5638099
"dyce",18864.0600192
"calne",36239.7484068
"north holmwood",34385.5303872
"tywyn",13409.9936141
"hoe hill",51898.1896451
"birkenshaw",9201.38078302
"withcall",42014.6591649
"windermere",24317.3157862
"headley down",11073.8551951
"drighlington",41302.8193204
"little chesterford",24481.3280533
"wednesbury",13546.282439
"ingatestone",-5104.74516341
"mulbarton",8743.6313706
"sea",13419.1435383
"filton",32774.9262983
"aberdeen",56914.9598353
"eccles",10211.9057274
"isle of grain",16963.272181
"hatherleigh",-15758.4333876
"neston",6783.39702245
"north down",52248.7532145
"grizedale",5931.14170887
"surrey research park",15887.2796663
"cricklade",2417.66656802
"brynmawr",29191.8846962
"altrincham",4527.48970839
"bradley stoke",14035.6639767
"swansea",-17801.1528731
"paisley",14915.4775342
"bourn",14448.8248827
"firswood",8770.57956285
"willoughby",40479.6904204
"dunfermline",11433.5760148
"radlett",21297.9200782
"broughton",21105.9788787
"coulsdon north",76073.0088146
"romney marsh",71287.8857578
"newnham",27029.6424721
"rownhams",11784.600084
"dean clough industrial park",16818.0466172
"north woolwich",85530.2773667
"tranent",-3303.4894767
"kimbolton",19856.1440871
"stonely",40482.0737549
"cowley",4964.65741986
"knaresborough",10759.3930557
"shetlands",20521.205565
"west haddon",54318.5443914
"llanrumney",16289.7631372
"manchester airport",20829.2919287
"brightwell",23339.1129102
"ross-on-wye",14558.6640031
"stancil",28692.3392462
"quedgeley",33452.2949223
"prestatyn",18132.8899051
"badminton",24085.4551058
"mablethorpe",12835.7227139
"maesteg",5322.84190698
"oxford airport",11059.3216461
"scunthorpe",13802.547886
"swindon",10453.4298397
"leamington spa",41778.7704103
"machynlleth",15151.9353708
"minworth",-9828.22156716
"holyhead",10924.8307448
"stonesfield",17765.8236614
"wooburn industrial park",22379.76364
"whitchurch",3713.47100253
"ireland",113518.002568
"st. neots",43144.9731032
"lea bridge",57650.0394784
"newbury",37772.2093823
"south bermonsey",87508.236729
"dorchester",47238.1757145
"aberaeron",22088.1004279
"enfield",20266.3260856
"kings norton",26730.7130418
"tower hill",32520.107742
"langholm",-1862.56685961
"porters wood",11714.0032885
"manchester science park",18851.7376281
"isle of man",48227.559221
"sleaford",23900.4171145
"tullyhogue",-19181.7529785
"looe",11736.9424746
"histon",-1778.92955484
"westerham",21726.7989013
"the doward",6535.43617281
"altnagelvin",29844.7822913
"pulborough",5885.91027238
"fleet",11499.140726
"orkneys",-33158.0494078
"mile end",112039.754694
"grantown-on-spey",32348.7438171
"west dunbartonshire",26301.6389557
"dungannon",7321.39391031
"shiremoor",13143.2922078
"belmont",59164.5571636
"ilfracombe",1836.72488585
"ballater",16519.109024
"coniston",-13247.8217703
"whitstable",14454.7200848
"bow",39780.6583413
"aintree",-10645.0877724
"bluewater",830.629849522
"hailsham",9171.39264635
"sutton park",6225.60224978
"cinderford",63916.751401
"aboyne",55316.2020927
"henley-on-thames",16681.1071343
"rowlands gill",19530.9128044
"bedfont",-4000.81933689
"desborough",19747.4333085
"hengoed",10271.3434789
"ash green",3775.09244341
"silchester",13425.9532896
"woolwich",4637.43072121
"shoreham",14822.7346623
"wargrave",7598.8127562
"petersfield",14418.4510676
"chesterton",15370.8291074
"creswell",7494.78171745
"morpeth",44337.6698275
"harlech",10271.5909743
"humber",66821.4827915
"stocksfield",20344.8193589
"derby",21865.3831003
"burnley",22044.9279621
"cookham dean",-244.610829766
"westhoughton",29530.9621345
"watton",9219.47313817
"fawley",73859.3233301
"wilmslow",17508.2608103
"southport",-3272.09659597
"blackfriars",70370.456088
"batley",13134.0851989
"north lincolnshire",47347.1785957
"pode hole",7973.28633301
"keynsham",15828.286615
"tewkesbury",18039.7589747
"edge",16605.6881383
"castle donington",23458.6448209
"belford",13498.4880956
"liskeard",17070.9766807
"flackwell heath",31562.8780515
"birmingham international airport",33228.830139
"southville",10954.6198291
"choppington",20922.9394311
"bournemouth international airport",73472.0637638
"cheddar",12391.8657446
"warlingham",-2148.16887541
"suffolk",41672.3464797
"cupar",12696.6883188
"east end green",35860.6967658
"bramley",13710.3192446
"featherstone",16945.176079
"south petherton",13741.3762748
"stockton",16211.8871759
"marehay",-3715.87482697
"knowsley industrial park",3213.0543084
"bradwell-on-sea",-4423.72747513
"oaklands",55363.7266269
"sandycroft",9560.08152771
"lechlade",5069.81043894
"somerton",11013.0430158
"kibworth harcourt",14472.2630862
"march",32743.7547907
"addlestone",20745.9444428
"north waltham",7596.71533772
"malton",17276.3185174
"bounds green",19544.2125825
"belle vale",29073.5741583
"water orton",18526.3513845
"glasgow",29215.8342493
"helmshore",11937.3231049
"glenrothes",16209.9495674
"clevedon",27452.7897597
"burgess hill",5138.79461429
"south bank",19451.2513584
"blackpool airport",18761.9847495
"ballynahinch",17950.4285702
"clapham",38183.2871638
"bishopbriggs",43144.7442994
"wallington",28904.2708973
"hunslet",-9425.9450868
"olney",25102.5744172
"yeovil marsh",17121.4395832
"coningsby",37086.0454627
"great barr",8666.75980533
"brampton",18490.2778505
"lenham",25172.3516573
"holland park",32830.4088364
"glenluce",16618.9401911
"chadbury",47602.5483048
"keighley",8450.47527415
"kearsley",-84276.4603977
"perranuthnoe",10922.0129205
"newark",19226.5578061
"catterick garrison",8430.89611122
"chislehurst",25388.9312365
"widnes",5856.89151992
"pencader",3491.66072898
"crowthorne",4223.32447882
"stanwell",13604.1155458
"temple",-11728.6939331
"tavistock",4285.16213294
"ilford",34967.2424986
"stretford",8852.71208908
"warwickshire",17813.9606321
"new cross",53206.4820431
"llanelli",15858.5894118
"strabane",19120.2791529
"dinton",8242.24195396
"woodthorpe",59609.7238968
"vauxhall",10562.2459126
"victoria",79896.5178253
"west timperley",-6064.43451413
"western isles",19143.6632182
"winthorpe",-5394.32213893
"trimley st. mary",28412.8719295
"blackburn",20240.0581461
"holmfirth",-11271.152227
"witley",23241.4992308
"llantrisant",9244.60061827
"wickham",11625.8534173
"melbourne",50259.6507863
"kingfield",30335.1680973
"cwmllynfell",25459.23701
"colwick",10485.6869039
"saundersfoot",12817.8688844
"auchterarder",-24377.2995905
"newton in furness",22800.5360514
"furzedown",16518.3015414
"gatwick",42240.2357279
"st. boswells",84048.57301
"bridlington",48069.0874705
"carlton",35500.450958
"waltham cross",34996.4896648
"barnet",28905.8628391
"tingley",38727.4380616
"kentish town",-12556.8977374
"notting hill",45808.156294
"silksworth",22199.2973049
"duxford",25866.7986971
"conwy",20994.4879669
"aveley",20339.8585656
"llandrindod wells",8170.42928116
"west london",70427.3136561
"the mounts",23901.8007115
"perranporth",-3766.55889801
"saltcoats",2711.01302227
"dewsbury",12822.2420801
"north fambridge",13368.3255704
"filey",21889.4163501
"sturminster newton",2537.96796534
"sapperton",26394.5716242
"wythenshawe",1527.74867525
"chorley",4272.44192502
"west byfleet",48747.5211425
"betchworth",22456.2757885
"newport-on-tay",21187.5217225
"aldridge",2425.52396828
"torfaen",47705.7500015
"long furlong",45872.6827696
"hindhead",30337.2730249
"peasedown st. john",10703.7858571
"shortlands",45870.1135596
"kenley",20451.2759739
"south muskham",76639.1703405
"uk",71249.2093324
"ayr",22834.1013008
"chelsea",26428.6786691
"sudbury",19883.9320802
"tetbury",15885.9418372
"aldershot",38402.7164307
"newcastle emlyn",10855.0296068
"willen",8081.65563276
"cosham",-9109.05495934
"hordley",-4364.68573694
"bath & n e somerset",13978.7258468
"pevensey",-67961.42329
"rugeley",24903.3120186
"callands",22532.2052918
"lye",-16532.8557665
"blaydon burn",5887.14358927
"den cross",16114.0614698
"dunwich",-29526.4836925
"halifax",15750.3924251
"studley",46481.4609689
"west aberthaw",54923.6329837
"comberton",16309.396906
"berkhamsted",-14161.9056098
"berkshire",-3318.2981123
"downpatrick",25405.1785856
"swanley",32619.4305611
"saltaire",21854.5009498
"hove",21166.9022295
"west berkshire",19170.9484825
"stokenchurch",2073.26113948
"manvers",30463.5084549
"scalloway",25085.0742143
"monmouth",20020.3659659
"morecambe",24334.9642686
"windsor & maidenhead",17048.3006691
"abington",36040.7972231
"willian",-1338.29198828
"northwood",13442.6267616
"wyke",9933.02318811
"hackney",42047.1499883
"newent",-1483.47645499
"walcott",3820.44920773
"upminster",14068.9928774
"didcot",14071.4120471
"heath",34897.2249583
"bacup",6287.13349328
"gloucestershire",19177.1329724
"radcliffe-on-trent",-14662.6215684
"sherburn in elmet",5969.81551878
"redhill",16924.2728113
"hampton",52013.4658585
"binbrook",9541.33861858
"swavesey",17219.3250485
"hapton",-23379.9402817
"offham",61863.9523261
"penrith",23420.7608609
"east hagbourne",24440.7460334
"eastleigh",80056.7709703
"lindford",12072.7077933
"preston brook",43407.0317083
"woolmer green",9567.31619484
"hooke",146151.106879
"brandon creek",22246.399605
"portchester",-27086.1619212
"denham",35708.7639167
"chalvey",44426.9061624
"benham hill",71287.5968352
"prenton",5596.66466588
"st. werburghs",29087.5269345
"hookwood",-38209.9994675
"yeovilton",15996.9199981
"keswick",52698.5265948
"caernarfon",18497.3710218
"east grinstead",-3607.2270112
"branksome",-156.174903239
"larne",14447.9229661
"greasbrough",1945.42882487
"mountain ash",18667.9220207
"hockley",-4435.67674968
"wareham",-18567.2692278
"leyland",1289.97710971
"north barningham",36088.971098
"harlow",20965.3408426
"burwell",21844.1896825
"chilcompton",15542.6931667
"tarleton",-12786.9176591
"west molesey",17664.2115342
"thetford",16887.6678308
"bournemouth",20761.8118377
"ifield",-5433.94514107
"nairn",5876.85196698
"sheerness",18006.5514929
"trafford park",22248.080062
"oadby",30717.7591296
"leicestershire",12733.5635004
"harwell",47146.4023904
"bexleyheath",24499.0591041
"st. austell",24768.284119
"crook",-196.720799649
"kington",25669.2485011
"hyde",27042.2683835
"roehampton",21437.9125124
"brighouse",8363.55212611
"epsom",25411.4698113
"treharris",16413.6962689
"dingwall",23409.2836967
"stockbridge",-20063.3133079
"polegate",716.22927542
"east sheen",54681.8055164
"sedbergh",11136.1523075
"cleveley",22114.085103
"binfield",40327.8436596
"coalville",13540.6294678
"gainsborough",21361.7284459
"tidworth",57099.5783801
"ramsey",6006.34888444
"ruthin",18517.728199
"cliftonville",6114.11647093
"alvechurch",7554.8806756
"woolpit",21906.045287
"woolhampton",22960.9493924
"orkney",14223.3083022
"gonerby hill foot",4197.22729098
"shipley",-5282.93934529
"tooting",65867.8546746
"bexley",28062.5858618
"kingswood",38203.022729
"ammanford",-13820.725587
"holmer",25958.7701479
"selby",3161.06460887
"lynmouth",6523.11709205
"whitehaven",28066.0332961
"egypt",17502.3190506
"newtonmore",19087.2950563
"beckenham",19483.6231605
"rhuddlan",14192.8473706
"stanford on soar",18986.5428407
"lifton",3779.09867315
"towcester",18717.2595794
"barrow-upon-humber",53445.2141888
"carrington",21662.9885755
"cannock",8907.70977119
"tadley",22648.3702878
"usk",7088.39712206
"howden",59901.0750526
"isle of bute",19094.1811212
"denton",24455.4940308
"hanham",11261.0420989
"midlothian",28034.1734528
"brighton",19588.0496057
"dallas",52286.0966104
"llangefni",54677.6292985
"aldgate",52079.381704
"honiton",-5063.48385798
"highbury",87302.0869396
"moffat",16144.8199362
"upper walthamstow",27169.7159642
"caversham",12233.1590893
"minehead",11824.2570898
"wisbech",18998.6226466
"kettering",27820.5183093
"stafford",-671.391733738
"carrickfergus",16071.2299511
"rainham",26557.979606
"bargoed",22465.621874
"northumberland",74008.7642515
"little alne",-20710.8176796
"edwalton",41837.0367999
"east barnet",21611.4442951
"edenbridge",35068.7498188
"hexham",9407.21957602
"radcliffe",51854.2405733
"blaenau ffestiniog",61335.6454429
"whalley",36677.6784648
"north anston",2412.20800193
"epping",41321.3093826
"bruton",7080.98005608
"crick",6480.26764566
"west hagbourne",24002.4610198
"south littleton",62364.3331725
"east beckham",12056.990907
"hoveton",-13614.6492112
"farringdon",3530.92020736
"bisley",16185.1852332
"south cornelly",34884.6519248
"gaddesden row",7195.88162373
"hampshire",65953.1934648
"stockton-on-tees",-19665.3253913
"walton on the naze",-9164.79539493
"severn beach",-1347.22649293
"newhaven",-1961.6391093
"bishop's stortford",4325.80073793
"castlereagh",11801.3916617
"netherfield",23766.1290465
"long stratton",5610.80652725
"stock",24239.0576728
"seaton",33988.2290377
"handbridge",19001.5068492
"horbury",-5247.4172003
"glasgow airport",37614.1793474
"churchbridge",15539.3067851
"monaghan",25969.2976338
"dymock",2803.38633935
"world's end",32637.5833574
"nayland",-1112.20345437
"docking",46036.5864129
"west bridgford",-8520.0679879
"alloa",14486.0944559
"east kilbride",18868.4618639
"highlands",4262.55885609
"wiltshire",-4928.69161306
"methley",42126.1965456
"blyth",10947.765202
"shropshire",21794.7199888
"mottram st. andrew",44831.0975654
"houston",-37676.344284
"leyton",7953.6425429
"west fenton",53752.2960825
"garstang",10024.8452918
"sydenham",31137.1793422
"burton-on-trent",7232.57031086
"pont nedd fechan",14419.8930679
"st. helens",11390.2902374
"blackpool",6573.46903386
"heanor",19418.8124289
"montrose",7629.31177407
"friern barnet",32500.7173981
"dukinfield",-1920.03408838
"bo'ness",8170.34007186
"redcar",23868.3006895
"high wycombe",46880.3794726
"padiham",3299.56860231
"berwyn",99679.2130743
"broom",31209.8951991
"leconfield",3774.88615549
"bilborough",19708.7455953
"aylesbury",20616.6690636
"east anton",14419.3722941
"milltimber",57558.4009151
"south ayrshire",52932.052839
"denbighshire",21682.9790336
"clifton",32798.8301712
"melksham",15061.7014966
"driffield",11951.2508358
"merton",34270.0184691
"southwick",29011.5138644
"tickhill",-40707.770518
"ystrad mynach",44805.2523338
"colchester",-3959.74405152
"portadown",4507.77981731
"west allington",59943.99686
"crickhowell",9876.80676597
"the upper wyke",94183.4872817
"salford",7521.56920151
"hackney wick",23313.567447
"salcombe",11456.1452918
"raynes park",10316.9147329
"denmark hill",39858.350174
"willand",3580.89707985
"st john's wood",15111.6839431
"littlethorpe",4398.49501993
"isle of lewis",8378.04639537
"arbroath",-3502.89090268
"camden",19790.9334124
"west bromwich",10794.0602369
"broadmeadows",15491.221833
"chilwell",5350.17207324
"wyboston",53190.333741
"cliddesden",47964.1793793
"croydon",18109.0977882
"elstow",40686.4772003
"putney heath",61659.1973629
"dundee technology park",45726.8082319
"lower sydenham",13112.9441188
"adlington",3809.96359064
"sandy",18560.460983
"fermanagh",11456.2965899
"redbourne",33872.6584521
"heaton mersey",1906.62576114
"craigiebuckler",56941.8730274
"oldends",27869.2151446
"bebington",5664.95115676
"sturminster marshall",28605.957035
"cwm",27133.1550826
"llanwrda",15438.9006854
"wick",22005.08386
"barnard castle",19922.5342952
"coal aston",9008.98906029
"barnwood",43279.8888521
"bognor regis",6936.709134
"east town",35243.3344204
"north hykeham",5602.3488542
"milton keynes",21969.0325361
"chandler's ford",-374.183776866
"canwick",-5685.69728061
"ambergate",25047.9157862
"lydbury north",41989.5728615
"coleford",11745.77348
"york",26110.2242581
"drybrook",25914.107742
"chatham",32405.1415028
"bar hill",76294.7071083
"penrhyndeudraeth",9033.36213602
"redruth",55825.4624766
"north shields",13820.0834834
"freshwater",-716.093061234
"firgrove",1612.07771361
"waterloo",31490.3108558
"great bridge",14304.3273767
"pencoed",986.670884136
"scotter common",1749.14888444
"henfield",-19800.6646016
"north widcombe",10168.2936387
"lutterworth",21454.5862628
"chapel allerton",9693.53488062
"west town",110726.330733
"kirknewton",-11792.6362818
"willingham",16784.3867326
"lee-on-the-solent",-13603.4038277
"mauchline",12822.5704204
"east mersea",39372.4769601
"wiveliscombe",10117.6564649
"oldham",31766.3235034
"sompting",-6765.08729524
"isle of iona",22019.0189307
"ilkeston",15255.1937112
"new york",64996.1272051
"brockley",29976.1467535
"little chalfont",41802.056729
"golspie",4104.95935594
"tenby",35597.7924077
"mexborough",14709.5303951
"thornbury",7809.43593689
"llanbedr dyffryn clwyd",49563.5817362
"ash",82175.5294698
"steeton",28.5002010201
"pride park",61160.646775
"kent international airport",-6251.12295355
"monxton",12868.2534226
"gedling",33615.0520243
"balham",24302.780069
"anstruther",20807.3056236
"cross heath",9675.71534173
"haywards heath",592.798799339
"selly park",11235.7789179
"brentford",1478.05527475
"woodford",10147.511455
"yearby",25345.3494998
"halewood",34133.691871
"danestone",-4823.13138824
"downes",6257.54379145
"claverdon",7349.28610314
"leslie",-32565.6079291
"fraserburgh",22631.0588247
"hersham",-16862.7164251
"earls barton",55264.4313348
"worsley",8934.60337706
"westbury",15653.8937789
"west lockinge",64713.5274059
"storrington",25191.2046288
"shenley",33271.6661997
"gullane",2155.25165185
"lower basildon",1913.23040065
"old trafford",10412.7786105
"calstock",4080.70814843
"yapton",3024.34708594
"isle of dogs",-20218.9745702
"sacriston",31582.437808
"kings hill",24752.0214243
"barwell",11863.3339135
"scone",5477.86888444
"linton",21742.612892
"montgomery",19942.7625233
"werrington",19980.236729
"christleton",26886.192746
"south croydon",31768.8679779
"sheringham",18277.0116374
"ballymoney",17881.7780504
"cosby",3398.91614829
"calcot",-2544.44285114
"thurmaston",-502.632398838
"blackheath",31035.0003024
"warrington",20566.1592586
"saltburn-by-the-sea",99677.7935325
"neasden",21386.258651
"hadfield",2154.68653323
"pembroke",7514.94209326
"winkfield",120310.014583
"ferndown",16053.9254779
"riverhead",22314.4839175
"swiss cottage",4235.09348191
"abergavenny",12390.0787275
"nuneaton",7238.54824055
"buckhurst hill",11478.6877936
"ascot",14075.3303651
"chipping norton",46390.621991
"fordingbridge",13033.4295262
"throsk",39727.8002317
"county antrim",28868.7532796
"bromham",10046.317092
"christs hospital",24706.2552711
"handforth",11767.7877356
"st. ives",39006.5873168
"chalk farm",31500.9738266
"weoley castle",-3759.12438732
"greenford",5627.88766648
"forest row",8489.38187763
"forest hill",5915.38777237
"manchester",41115.4891842
"theakston",23369.7118402
"northfleet",16697.9326287
"crieff",3913.54102179
"roslin",14955.9584354
"gipsy hill",105386.181138
"clitheroe",4037.33880798
"wych cross",54131.1417717
"willesborough",4366.89042044
"greenhithe",17835.015123
"hope",31726.0652841
"holyport",10529.2623625
"harold wood",-14521.5885411
"north mymms",50652.9085125
"chippenham",-2187.90207181
"sarratt",-6736.37623885
"north howden",19110.9041204
"hampton poyle",93661.8549637
"holloway",-64065.7745058
"hardwick",18441.5343592
"oxford circus",79885.2687908
"abertillery",16649.9465121
"braunton",3280.30872406
"wilmington",36405.9380068
"litherland",46719.7586063
"pewsey",4040.22571877
"berinsfield",15164.4233976
"milngavie",7790.48938615
"bend hagg house",29403.8385436
"central treviscoe",58825.7180491
"beaworthy",-456.994232795
"fitzrovia",59246.6867064
"brondesbury",71531.6064181
"carluke",6196.56781406
"chalfont st. peter",9766.10774204
"alfreton",23393.0255004
"brixton",-1851.08352756
"hayle",10705.8221258
"raunds",3265.44393604
"steeple morden",26007.01556
"saxmundham",10612.7060098
"loudwater",50781.5030144
"battersea",25522.7300569
"euston",23957.4090814
"bromborough",8186.22102511
"south west london",30978.4037689
"north warnborough",65182.2771639
"st. albans",17135.2663213
"dundee",12747.5246889
"caterham",23126.5784087
"melrose",9649.67097558
"bedfordshire",32653.7521674
"middlewich",584.906609499
"hall green",30833.7174296
"nailsea",8519.11297425
"keele",7775.23533086
"benmore",14481.1128844
"hyde park",35225.7271206
"port talbot",12341.6678197
"chandlers cross",11499.0118206
"tividale",29703.429836
"kew",6657.1587617
"porton down",46693.1395893
"avon",34840.893199
"stepney",2859.97976666
"sandbach",9888.36363969
"northenden",-11.6587395805
"shenstone",-7279.53366499
"pembrokeshire",25681.4774407
"englefield green",18129.713595
"aylesford",23953.3544291
"tadworth",22456.9428671
"rotherhithe",10003.6847865
"edinburgh",37380.8150968
"ringmer",51536.3290155
"bristol",13657.0914924
"kingfisher shopping centre",11356.9483474
"jersey",24032.6829279
"tongham",37108.0910653
"north standen",70764.9551325
"barnehurst",2773.5171243
"narborough",10308.7181837
"waltham forest",17514.6653413
"newcastle upon tyne",24669.0338894
"north west england",20511.3409671
"craigiehall",32829.8846816
"benbecula",11310.6029559
"streatham park",7638.96020734
"far arnside",34073.553725
"brecon",14858.3750527
"clarbeston road",-925.123737899
"rocester",3046.93456402
"lower eashing",-2665.16312029
"hildenborough",42301.2789711
"presteigne",23690.7219258
"warwick",48453.8355058
"warmingham",10524.5631749
"west marton",15405.2944245
"grantham",20611.5288216
"claydon",5053.15756914
"bulk",22778.7676752
"belvedere",116349.593565
"wrexham technology park",-4174.19244659
"durham lane industrial park",10129.1399886
"holsworthy",769.21225171
"cranbrook",1862.11231206
"shalford",39272.547063
"bamber bridge",11539.1585253
"warminster",15668.8185872
"greater manchester",3505.29026919
"moor row",123932.855407
"stoke newington",1516.26569717
"menai bridge",-16647.8201196
"carleton",24966.9342159
"anwick",23008.0711275
"ripe",10562.4880956
"st. germans",52579.1299016
"lakeside",5032.03844631
"goring",-15299.1732934
"ottery st. mary",11104.4391128
"swaffham",23337.0734331
"fleet street",7696.00454399
"maldon",43786.5001073
"workington",51868.4485245
"lower hale",10554.0753681
"amesbury",35156.2780705
"cefn coed",6710.98888444
"bradwall",-1474.29747338
"cleadon",17359.9962737
"baillieston",16789.1275001
"woods green",26798.1732764
"kingswinford",2034.85429914
"fowey",33030.9632066
"southwater",114838.789505
"harston",48252.4258889
"hollesley",14013.6997807
"linwood",10457.259455
"scotland gate",16257.0064605
"bala",23007.9126143
"burley woodhead",-3569.09125562
"markfield",27379.3645331
"warfield park",64847.8891428
"west malling",24799.6801933
"camberwell",37341.2423076
"stanmore",9276.51340333
"bootle",23361.732989
"stow-cum-quy",-184.917435477
"droitwich",-7401.48753732
"skelton",30936.0807942
"penzance",19520.5299891
"basingstoke",3153.51619586
"axmouth",36045.0682724
"newry",30007.3138015
"alresford",6016.79933973
"well",24827.9681941
"whittington moor",5175.93239772
"shipton-under-wychwood",-4363.22836099
"maybole",3917.92032187
"hamilton",-9360.11973138
"west kilbride",45242.2951131
"glanton",18895.4246494
"great canfield",-459.372496943
"doxford",34179.6115444
"durham tees valley airport",29611.1672854
"malmesbury",15927.2045962
"titchwell",1896.4014818
"brentor",38148.2725249
"west heath",-14175.0800748
"kingston vale",25016.8394593
"castle douglas",24024.4069611
"chobham",3648.75773649
"hunstanton",15106.4057638
"belper",17631.609386
"pulford",9893.8485556
"llanwrtyd wells",2161.49068482
"llangollen",15054.9954433
"winchester",-9721.78780404
"tain",95902.4149331
"malpas",-33132.4974344
"little marlow",13518.6417492
"gatwick airport",56060.6511351
"gwynedd",61997.9654791
"buxton",4243.77832177
"butleigh",46664.5521299
"thamesmead",11402.0893301
"stokesley",25992.2235226
"northchapel",-8354.12175959
"spilsby",10913.280189
"helensburgh",-4489.87869914
"motherwell",22853.7823824
"bonnybridge",28757.4781822
"erith",20444.7512927
"east finchley",15251.8163935
"east goscote",-1019.29475885
"baughton",59189.8255227
"coleraine",16599.2201905
"catford",29129.5966652
"wingland",13937.9181744
"pembury",31390.8128099
"bransgore",58945.5609944
"lincoln",11353.4572574
"south tottenham",3493.43069645
"stotfold",11994.2864738
"cockfosters",4100.49707606
"north east england",40011.1219835
"brize norton",40590.9596612
"crawley",46328.3828615
"isle of north uist",37122.0425821
"north somerset",14481.6810682
"nant gwynant",7494.93309205
"waltham",3475.47080584
"kilbirnie",-11903.2283228
"lingfield",24248.4559098
"pudsey",12604.9020893
"north rigton",1505.14471448
"pwllheli",-3717.93151129
"finchley",29697.2085868
"turriff",14533.1825648
"exeter airport",19664.1526209
"south milford",18122.6433569
"camden town",-3144.57996837
"antony estate",-27382.033384
"alfriston",26249.398029
"hampton hill",5722.43343747
"stalybridge",44434.3525944
"aylsham",17336.0069917
"walkerburn",23573.3192454
"little ellingham",22278.6350859
"handsworth",51489.7213659
"broxburn",11288.9498862
"rusholme",349.956353841
"newton stewart",13887.9900791
"hanwell",43381.4547181
"woodhall spa",16828.2134263
"freuchie",23452.1693908
"ulverston",35402.5024476
"huyton",-5846.83481766
"ballyclare",53381.8673729
"tarbert",29988.7469198
"penkridge",-38215.4611364
"prestbury",-5860.44265175
"queen adelaide",84263.3598272
"port glasgow",10569.7943921
"dunham-on-trent",-7544.72750609
"westhill",13690.5502642
"wadebridge",4308.88854091
"godalming",22892.7149767
"channel islands",84345.5993792
"bonnyrigg",-11205.0627928
"crystal palace",24146.079194
"renfrewshire",25753.4024055
"quinton",36750.1378072
"west end",35348.5742392
"attleborough",17527.8289661
"chewton keynsham",-44735.6793086
"south dalton",-4990.90974997
"ormskirk",10699.88257
"lakenheath",18786.2116396
"st. columb",9027.84349137
"washington",21504.6275681
"barnoldswick",-8331.48427665
"stratford",-8202.18137824
"pell wall",11527.9391128
"aycliffe",-1883.01744994
"st. andrews",9678.16445963
"bassaleg",48545.4198558
"culloden",10918.4464582
"northamptonshire",32616.9550027
"rhondda cynon taff",2267.82641761
"finchampstead",20367.5826744
"ford bridge",18261.4468114
"fairford",37193.9305392
"stow longa",124028.964598
"redditch",5860.989326
"beckton",43345.3028963
"ilchester",6572.41670055
"byley",8470.15928436
"ponteland",7292.23728029
"snodland",-9075.30361636
"portlethen",8775.84907021
"letchworth garden city",27033.7828273
"kingston upon thames",43366.6293942
"brislington",16849.5294698
"newtown",15371.3851655
"criftins",4699.41505857
"tideswell",25379.469991
"cadishead",-10091.7757913
"purbrook",37083.4021058
"coaley",15456.3559439
"lyng",26968.6601415
"leeming bar",2436.28926654
"lyne",11215.5792159
"gosport",10750.5535719
"birchwood",59128.2046783
"acton gate",56556.2973977
"seacroft",10942.9794334
"cobham",37057.0377258
"sutton-in-ashfield",15882.8039066
"marske",30027.5482925
"monument",32397.9360841
"duffryn rhondda",14224.8227001
"chertsey",25573.6063977
"enniskillen",24167.9559728
"brightlingsea",6740.21988171
"cumnock",10275.9047273
"okehampton",23911.0640093
"colindale",24752.4171556
"haugh",33050.36393
"kingston",27725.749718
"great somerford",16719.7521641
"weston",33362.54822
"thurso",73715.6052897
"evesham",10437.866149
"titchfield",12178.499676
"queensferry",22037.9399182
"haltwhistle",34526.9062411
"rushden",-3645.50323255
"long eaton",-24039.8269365
"morton",27908.6286758
"dursley",24920.8594635
"brixham",9857.19633692
"worcester park",35963.7815268
"ripponden",-20571.3017753
"kenilworth",27127.3180601
"westminster",39275.4816637
"kirkby-in-ashfield",-2749.77301293
"old",52773.2519191
"clydebank",8572.98320011
"north piddle",50291.0007356
"tredegar",12101.3891019
"dumbarton",13735.2662994
"ashburton",45004.8589194
"clapham junction",40087.2035921
"sandhurst",23408.3132905
"dormans park",20932.8527275
"holbeach",-2422.46046571
"dereham",17613.3005407
"shere",15367.221245
"little clacton",25987.2132177
"harefield",9074.06742278
"mylor bridge",108641.606463
"whitby",21875.2206587
"south ockendon",27534.9971963
"west yorkshire",6124.00936971
"mottram",10209.6251045
"lymington",16402.0283077
"brechin",26125.7458659
"whittlesey",-37451.8777302
"belle isle",17850.4463131
"winsford",-4103.02868114
"hessle",13601.9710304
"haverfordwest",14300.6966713
"abergele",12523.3383946
"westfield",-8635.68612658
"west dulwich",-2855.21525347
