"alconbury",11884.0
"dunstable",26708.3174603
"martock",18541.0
"heaton mersey",15000.0
"new leeds",41000.0
"exeter airport",41376.5
"dentons green",22500.0
"old windsor",16800.0
"knebworth",23666.0
"nottingham",28831.7827015
"smethwick",19397.030303
"whitley bay",24065.2
"litherland",28800.0
"ossett",26700.9285714
"verwood",21703.3333333
"deanshanger",16320.0
"kingsbarns",14000.0
"lesnes woods",14400.0
"old aberdeen",55294.5384615
"west bradford",50000.0
"hope carr",13132.0
"upper walthamstow",25500.0
"pitstone",31500.0
"datchet",45000.0
"knowsley park",32500.0
"littlehampton",22609.4146341
"wythall",51135.0
"mossley",22500.0
"brinsford",24333.3333333
"little london",40256.7692308
"esher",29607.25
"impington",17500.0
"shamley green",16320.0
"loughton",26490.64
"berwick-upon-tweed",19477.2857143
"wick",36139.6363636
"hayling island",31498.2857143
"dawlish",23726.5454545
"greenock",16219.7647059
"lowfield heath",49875.0
"tullyhogue",7342.0
"abbey village",24500.0
"royston",31044.84375
"elmbridge",21150.0
"newtownards",16488.0
"frinton-on-sea",45500.3333333
"west thurrock",19226.2857143
"walsall",25778.7681159
"leconfield",20143.0
"brill",24000.0
"street",23590.9
"perivale",26250.0
"currie",17604.5
"bridge of weir",14249.0
"windlesham",32500.0
"carshalton",12082.6666667
"flintshire",27436.4117647
"accrington",28222.0816327
"lossiemouth",24796.0
"teignmouth",14319.1111111
"frimley",36800.0
"ashford",26960.4306931
"sheffield",26476.3114383
"purton",32500.0
"ash vale",38000.0
"jarrow",25901.44
"culham",33000.0
"meadowbank",13392.0
"oldbrook",21000.0
"little keyford",28000.0
"gerrards cross",28916.0833333
"camborne",13114.0
"normanton",24459.3061224
"thornton heath",18401.25
"exeter",26554.0903955
"moray",43752.0
"powys",22319.4736842
"east lothian",25417.5833333
"bovingdon",17500.0
"dungeness",86400.0
"middlesbrough",27475.8994709
"dungannon",17318.5
"bankside",45000.0
"ballycastle",18333.3333333
"welburn",50000.0
"heathrow",40671.6071429
"london colney",40300.0
"lymm",21123.7692308
"ellon",28330.6666667
"trimdon",20160.0
"all saints",40000.0
"belsize park",35040.0
"sompting",33461.5384615
"narberth",16725.0
"wishaw",16867.125
"shillingford hill",32500.0
"leyburn",14998.0
"holt",17511.0
"whitminster",27000.0
"falmer",28641.0
"mirfield",17923.2666667
"east molesey",41650.4814815
"croxley green",15000.0
"ware",35505.52
"farmoor",32500.0
"hounslow",27223.814433
"south hanningfield",20000.0
"norwood",18500.0
"sway",18240.0
"park royal",25151.4285714
"stockhill",32500.0
"westbrook",37500.0
"reston",88750.0
"mortimer west end",28000.0
"spennymoor",22583.8571429
"pembroke dock",17246.25
"pencoed",19000.0
"eggington",16368.0
"charlton",24610.0
"hucknall",28349.0
"west leake",29000.0
"hanworth",24000.0
"rothwell",15500.0
"welshpool",25701.375
"forfar",28263.3333333
"stretham",42500.0
"fulford",13075.0
"eltham",16241.6
"gaydon",46290.4954128
"hertford heath",28500.0
"wisley",25000.0
"downham market",23941.6666667
"kennington",22500.0
"livingston",25680.3454545
"clyst honiton",23040.0
"kidderminster",23167.6666667
"central london",43407.4929037
"aintree",30000.0
"banbury",25854.7459677
"bluewater",27700.0
"rustington",15600.0
"devonport",37035.0
"cockermouth",28820.3157895
"lichfield",24747.728
"brownhill",11884.0
"east linton",15840.0
"alderley edge",23459.0697674
"soham",21600.0
"busbridge",37500.0
"coniston cold",23000.0
"rosyth",40836.1395349
"thornton-cleveleys",15500.0
"dumfries & galloway",39499.625
"pinchbeck",15360.0
"achmore",34211.0
"caddington",16320.0
"earls court",17050.0
"horncastle",17928.5714286
"broughton astley",14208.0
"abercynon",15444.0
"margate",22701.2777778
"bingley",26457.76
"church end",14500.0
"fife",28140.5695364
"gorseinon",12144.0
"west lothian",30825.1443299
"leigh-on-sea",25272.7272727
"london",43429.1496953
"desborough",21750.0
"hereford",27451.3426573
"doncaster",26790.3358925
"huntly",30073.4545455
"rowley regis",16000.0
"ash green",36866.0714286
"kidbrooke",19000.0
"dunoon",17120.3333333
"broxbourne",37763.3333333
"hambleton",35328.0
"bloomsbury",28000.0
"woolwich",23410.8
"denver",100000.0
"fetcham",11884.0
"egglescliffe",31000.0
"honingham",15500.0
"wales",38080.8698885
"beaminster",22156.25
"brooklands",13372.0
"bingham",27500.0
"aston",26294.0
"dalry",33600.0
"glastonbury",22924.3125
"dunmow",20182.5
"leiston",28551.5384615
"partington",18000.0
"bow street",19875.0
"llanfairpwllgwyngyll",16731.4285714
"pelaw",37250.0
"haymarket",20000.0
"hertfordshire",39565.6717998
"sedgefield",35000.0
"dulwich",27928.5714286
"south normanton",45830.0
"brough",25900.0
"worthing",28985.5884774
"newport",29965.8920455
"oldfield",33500.0
"stowmarket",25052.6333333
"chathill",23528.0
"winnersh",27303.4545455
"penn fields",22000.0
"tayport",29750.0
"westbury-on-severn",26000.0
"bradshaw",34000.0
"tisbury",23500.0
"donaghadee",19510.3333333
"creswell",26871.0
"prudhoe",19637.6
"halesowen",21220.6170213
"burnham",9900.0
"arlesey",34450.6666667
"cippenham",13750.0
"gorton",32500.0
"lane end",38400.0
"bungay",18000.0
"horsforth",38261.9051095
"carterton",24480.0
"holborn",49166.6666667
"hebburn",22440.7
"shepton mallet",26805.6923077
"avonmouth",19625.3333333
"bromsgrove",23172.1882353
"kingsbridge",21229.8461538
"cranfield",36876.6666667
"gronant",42500.0
"banbridge",20533.5
"aldeburgh",21675.0
"the city",46528.5187182
"foston",30140.0
"uttoxeter",25392.6785714
"stourbridge",24751.0
"withernsea",21120.0
"bletchley",13586.6666667
"hendon",19320.0
"harrogate",24109.2916667
"stratford enterprise park",41250.0
"south shields",23056.8367347
"canterbury",27697.8089172
"dumfries",22117.3454545
"rand",35000.0
"bearsden",23040.0
"buckfastleigh",25020.0
"pontyclun",15625.25
"highbridge",21038.4615385
"hook",32453.0357143
"skegness",23806.2068966
"swinley",27750.0
"horam",23068.0
"heywood",22779.3902439
"bala",22283.0
"nuncargate",21120.0
"denwick",25000.0
"fawley",47500.0
"rush green",45000.0
"west midlands",36319.0814961
"liverpool street",45000.0
"erdington",18614.8571429
"bampton",18062.5
"ambleside",17547.125
"hollywood",28012.0
"egham",31144.247191
"north berwick",14015.8571429
"cambuslang",18240.0
"kenton",15500.0
"selly oak",21833.3333333
"london stansted airport",38562.5
"muswell hill",18500.0
"ardrossan",21427.0
"dalkeith",22912.2666667
"strabane",34500.0
"buckley",39870.0
"iwerne courtney",24000.0
"silfield",45000.0
"walton west",33466.6666667
"tackley",18000.0
"north walsham",20351.625
"bunbury",26250.0
"gargrave",33000.0
"carnoustie",12230.0
"st. clears",16185.0
"haslingden",17472.0
"bridgwater",24477.1666667
"haye",20137.5714286
"itchenor",35430.0
"old sodbury",33750.0
"churt",11884.0
"monkton heathfield",11904.0
"kirkby",15942.0
"boston",27675.2881356
"huntingdon",27418.0691824
"falkirk",20533.59375
"ellesmere port",21826.1463415
"cockburnspath",25250.0
"welford on avon",19500.0
"brighton marina village",13000.0
"penisarwaun",21120.0
"farnham",25438.5240964
"castle bromwich",23040.0
"otley",27955.92
"brandon",21294.4736842
"launceston",21280.6428571
"mop end",38772.7272727
"grafton regis",32000.0
"omagh",20574.8571429
"witney",26295.2900763
"llanrug",5088.0
"cleator",17280.0
"lochgilphead",19813.0
"wells",18062.5
"guisborough",18839.0
"malpas",16088.0
"staplehurst",24520.0
"bradford",27417.2708585
"dunblane",19532.0
"ashton-under-lyne",21327.44
"twickenham",31425.3243243
"tenbury wells",17510.0
"manor park",21072.0
"birmingham international airport",18780.75
"lancashire",33916.1581798
"derbyshire",32870.4524313
"dover",29459.125
"east end",40800.0
"east rolstone",49150.0
"rayleigh",22849.6470588
"cirencester",25577.2302158
"east grinstead",27295.0107527
"swanage",20794.8
"hebden bridge",16216.1666667
"south ferriby",43400.0
"east wittering",16320.0
"campbeltown",22080.0
"broadmeadows",25500.0
"shrewsbury",23857.5507246
"wykin",11184.0
"northolt",12480.0
"balerno",19036.0
"south woodham ferrers",13920.0
"chalgrove",13440.0
"marton-in-cleveland",31317.1655172
"warton",61440.0
"atherstone",23973.0285714
"brockhill village",32500.0
"irthlingborough",50500.0
"nechells",15166.6666667
"bletsoe",19000.0
"loanhead",13867.6
"milton",41328.0
"rowland's castle",39550.0
"fareham",30116.5941043
"chatteris",25608.2666667
"sundridge",57508.3333333
"gravesend",26248.6142857
"berrycroft",25000.0
"bloxham",21000.0
"caernarfon",23980.2857143
"whitechapel",20000.0
"troon",13382.0
"llandudno junction",14400.0
"skelmersdale",23609.890411
"fulwood",14231.0
"kirkby stephen",20160.0
"otterbourne",19500.0
"forest beck",18294.6666667
"clapham junction",38137.5
"houghton regis",22698.0
"wetherby",23908.6578947
"bramley",13104.0
"upper heyford",24000.0
"whitefield",15000.0
"shoreditch",30354.1176471
"flax bourton",19852.0
"west kingsdown",27270.0
"waltham abbey",24125.52
"hersham",28833.3333333
"lancaster",26836.725
"romford",26605.6558442
"melton constable",21196.6666667
"east somerton",65000.0
"bloxwich",14250.0
"leavesden",42356.0
"weston-super-mare",29895.9272727
"churchtown",23000.0
"danestone",11884.0
"benfleet",23111.4285714
"east riding",33353.7153285
"exmouth",22362.8076923
"radley green",22500.0
"furness vale",13440.0
"falmouth",25715.5862069
"haverhill",21040.6666667
"prestwick",27546.6363636
"prestwich",32964.9090909
"paddington",37855.0
"little irchester",15480.0
"south kensington",24827.5
"belfast",29586.3988289
"port seton",32500.0
"stockport",23888.6099071
"ham",28551.0
"bray",27840.0
"bramhope",16054.3333333
"northants",32750.0
"tilbury",24006.0
"bollington",18000.0
"llandovery",18750.0
"knowsley",28883.1578947
"kennoway",29760.0
"brierley hill",22415.52
"the trafford centre",14500.0
"glossop",21564.6818182
"southam",25022.0
"corsham",28314.2692308
"chelmsford",27770.065445
"bideford",21276.0
"south hampstead",18000.0
"tunbridge wells",27336.1096346
"hamilton",21035.2307692
"kelso",28755.6666667
"nyewood",18000.0
"lechlade",26339.8461538
"brent cross",26849.1071429
"presteigne",14185.0
"fenstanton",32500.0
"hythe",33638.4
"lyme green",26833.3333333
"sefton",75000.0
"irvine",22361.9310345
"bransty",25000.0
"alperton",21000.0
"waterlooville",26853.6481481
"askham bryan",39409.0909091
"clackmannan",18720.0
"wormley",45000.0
"livingston village",49234.375
"oswestry",17698.6129032
"pitlochry",20905.0
"amersham",31771.047619
"heywood distribution park",18000.0
"cantley",22080.0
"broadstairs",33698.0322581
"ledbury",25647.8823529
"hamworthy",40000.0
"saffron walden",26585.0
"wombwell",17667.0
"kirkhamgate",28800.0
"bronwydd arms",14592.0
"burchetts green",28000.0
"hatfield",30084.5083333
"yarmouth",60000.0
"grange-over-sands",18708.6
"maidstone",28665.8548387
"coxbench",6500.0
"addlestone",28755.6333333
"carnforth",13651.5454545
"werrington",24000.0
"borough",35000.0
"hurstpierpoint",32500.0
"goldthorpe",13142.0
"paignton",18255.4642857
"crymych",15725.0
"loughborough",27272.0388693
"llay",25250.0
"ramsgate",23906.6666667
"llanberis",46000.0
"shepshed",21100.0
"west halton",62499.0
"isle of anglesey",29039.3333333
"irlam",40862.8571429
"stapleford",11520.0
"woodford green",25066.7333333
"north finchley",57829.4285714
"iffley",25238.0
"peterlee",28507.2121212
"wirral",23079.5051546
"ratcliffe-on-soar",33600.0
"old warden",36346.0
"rockbeare",15086.0
"willesden",24750.0
"yeovil marsh",26500.0
"bensham",17280.0
"edmonton",34338.2
"stevenstone",16108.5
"sherbourne",16300.0
"cumbria",36491.8823529
"kirkwall",20713.4
"coedpenmaen",12960.0
"birmingham",31103.191114
"newton-le-willows",24773.3333333
"gretna",17000.0
"hadleigh",25403.0
"grangemouth",34292.6363636
"greenwich",29159.8405797
"pontypool",24546.1176471
"aberdeenshire",38624.1986301
"byfleet",32450.765625
"blandford camp",21158.5
"woodstock",37760.0
"ely",27669.6774194
"hedge end",24286.0
"tring",25282.2631579
"pontypridd",23979.1428571
"faversham",24679.4444444
"haultwick",46333.3333333
"hest bank",12960.0
"oakdale",49200.0
"wallsend",22733.826087
"hermitage",23040.0
"teddington",24734.7058824
"helmshore",18000.0
"aldringham",20998.0
"peckham",25881.3333333
"heysham",55980.0
"fulham",26904.0869565
"sawston",22360.8
"newcastle",42763.3333333
"forres",27290.0
"tarleton",19000.0
"westcliff-on-sea",31282.4
"corbridge",32142.8
"hinderwell",13372.0
"dinnington",15491.0
"frodsham",15581.8461538
"shepherd's bush",24248.6666667
"liversedge",14569.3333333
"felsted",24960.0
"blackpool airport",30375.0
"south killingholme",26715.3333333
"deal",19037.7142857
"axminster",22866.4
"north cave",13000.0
"walthamstow",31611.5
"lemington",29298.0
"great yarmouth",31481.6707317
"heathrow airport",25131.3333333
"south ayrshire",25229.75
"craigavon",22602.9230769
"camelford",11884.0
"crumpsall",11884.0
"coxheath",16118.0
"kingsdown",33000.0
"knighton",11884.0
"aldermaston",51850.0
"annan",39768.75
"wellesbourne",21000.0
"hampstead",25754.7
"swanscombe",25000.0
"aldford",17375.0
"cheadle",22007.1363636
"isles of scilly",29816.6666667
"macclesfield",26184.6839623
"rotherham",24047.9408451
"nantwich",22945.4888889
"goring-by-sea",13440.0
"leominster",20716.7857143
"argyll & bute",25599.875
"solihull",28523.4242424
"stanford-le-hope",21538.1
"chiddingstone causeway",20000.0
"rivenhall",35000.0
"thornaby",11884.0
"bath",29879.803681
"wandsworth",32335.0
"neyland",27500.0
"salisbury",26247.5503145
"steyning",40000.0
"cardiff",29897.197479
"altens",30248.5
"south molton",25367.4761905
"coningsby",31500.0
"crewe",23386.3713355
"newstead",35000.0
"biddulph",26250.0
"westlakes science & technology park",30500.0
"halton",52982.0
"annesley",15560.0
"newry & mourne",23500.0
"alcester",22870.4666667
"cranleigh",24234.6111111
"north lanarkshire",34071.4285714
"westbury-on-trym",14500.0
"st. leonards",34918.0
"brockworth",51732.0
"cosham",21940.0
"iver heath",24960.0
"lochgelly",35044.6
"ottershaw",15762.0
"carmarthenshire",29514.2857143
"ford",42455.5555556
"buckingham",27521.0434783
"llandyrnog",13286.0
"westbourne",35000.0
"rastrick",18000.0
"auckland park",71250.0
"immingham",31801.6923077
"calderbridge",60000.0
"herefordshire",38479.75
"abbots langley",27823.7096774
"englefield",23500.0
"plymouth",26887.8932806
"east goscote",18060.6666667
"walkley",16000.0
"chigwell",26824.8
"flitwick",13080.0
"thames view industrial park",27000.0
"twerton",41225.0
"yeadon",26912.25
"churwell",18000.0
"glasgow east investment park",44477.96875
"the ridgeway",14640.0
"longbenton",16277.0
"mold",21362.6666667
"west stockwith",27125.0
"garston",19000.0
"merseyside",31697.0428571
"sawtry",25416.0
"ditchingham",29000.0
"faringdon",21870.6666667
"oban",15643.1428571
"east london",35887.1626374
"acton",29308.8571429
"pickering",19157.625
"newbridge",11884.0
"bourne end",38526.6315789
"falkland",52500.0
"leek",21423.0
"canvey island",13566.75
"seer green",80000.0
"peebles",21520.0
"truro",26648.1553398
"liphook",18743.5
"yetminster",16000.0
"new durham",35625.0
"alvaston",55500.0
"billingshurst",20417.375
"walton",15000.0
"longstanton",12466.0
"devon",32170.8624642
"inverurie",17187.8695652
"upper basildon",45000.0
"faulkbourne",22107.0
"east dean",22881.5
"catterick",23542.25
"burleydam",14400.0
"halesworth",16411.625
"tottenham",27000.0
"edgbaston",28570.375
"consett",20273.1875
"kelty",14763.0
"sherborne",21652.0
"magherafelt",11500.0
"cardiff international airport",26001.0
"guiseley",15514.0
"houghton le spring",20406.6666667
"cricklewood",47250.0
"toomebridge",15000.0
"matlock",25789.875
"st lukes",36633.3333333
"bridport",35680.0
"heriot",35000.0
"thatcham",20779.4615385
"tonypandy",21013.6
"stanton-on-the-wolds",33697.6
"emsworth",25964.0
"isleworth",33478.6
"battle",25391.1111111
"shoreham-by-sea",33128.6111111
"cuttifords door",42500.0
"fradley park",14246.0
"catterick garrison",22584.0714286
"nursted",35000.0
"talsarnau",17280.0
"sawbridgeworth",26250.0
"stirchley",12604.0
"mill hill east",40836.3333333
"dartmouth",25645.25
"midhurst",23543.7857143
"hoddesdon",22837.8863636
"east ayrshire",23840.0
"norwell",25000.0
"woodley",14160.0
"coscote",45550.0869565
"chislehurst",27000.0
"h m naval base",43872.2
"bracebridge",13440.0
"east midlands",38180.2281659
"bradley cross",20500.0
"walton-le-dale",54880.0
"leven",14374.0833333
"ryton",15996.6666667
"south mimms",20486.0
"wakefield",25569.9848485
"birkenhead",23692.1935484
"settle",13142.0
"rowsley",14208.0
"ealing",32681.8529412
"northchapel",23000.0
"winkfield row",24116.0
"dronfield",22581.0555556
"longhope",21060.0
"sherburn",12480.0
"doxford",26896.0
"holywell",21821.8888889
"shepperton",22184.5833333
"telford",25206.2176471
"stamford",24960.8333333
"new quay",30000.0
"isle of harris",18457.5
"trent",16427.3295455
"crianlarich",11884.0
"wellington college",28756.0
"hertford",29585.4871795
"somers town",57500.0
"four oaks",13152.0
"crouch end",40000.0
"knightsbridge",31680.0
"bury st. edmunds",23521.9787234
"corby",24528.6582915
"dolgellau",18000.0
"bromyard",33701.7142857
"llanidloes",13920.0
"goole",27827.8717949
"chilton",31764.0
"low common",20000.0
"easton",17515.6666667
"stourport-on-severn",27430.1428571
"box",21760.0
"kegworth",23456.0
"bathgate",19393.0
"silverdale",12960.0
"thorpe st. andrew",26118.7631579
"cambridgeshire",36972.9837037
"sunbury-on-thames",31303.75
"newmarket",24506.6808511
"cottingham",13962.0
"christchurch",34379.7247706
"seaford",30956.0
"chesterfield",22728.6686047
"victoria docks",23500.0
"needham market",45120.0
"ayr central",32485.0
"skelton-in-cleveland",25370.0
"taunton",26845.2640845
"witham",20601.8166667
"durham",27775.123348
"watford",29849.415
"shortlands",63437.5
"springside",30000.0
"mickle trafford",17042.0
"dinas powys",34000.0
"lount",21500.0
"bury",25461.75
"stroud green",19000.0
"blackwater",24000.0
"aberfeldy",23700.0
"milford haven",30383.3333333
"wych cross",27744.0
"ballymena",25974.0
"meriden",24000.0
"slough",32667.8508772
"western isles",38139.0909091
"laurencekirk",22080.0
"dunham-on-trent",28877.2727273
"airdrie",22990.4
"milford",14462.25
"kerry",47680.0
"mansfield",24931.52
"cosford",19341.0
"willesborough",14400.0
"easingwold",15542.0
"the headland",19000.0
"pewsey",17469.1666667
"wool",17875.0
"haddington",18493.6666667
"biggar",17776.0
"urmston",27740.0
"folkestone",23298.975
"westhumble",36750.0
"midsomer norton",27500.0
"bramhall",27000.0
"isle of wight",43133.5886525
"north tawton",20601.5
"silsden",13728.0
"vauxhall",26516.6666667
"llantrisant",18252.6666667
"lanark",16241.4
"beverley",31987.9428571
"chiswick",31634.6190476
"pagham",10000.0
"sewardstone",50208.0
"thornhill",52750.0
"retford",26983.7777778
"potters bar",25119.3684211
"cheshunt",41439.4
"armagh",26610.5789474
"lytham",25755.1428571
"ampthill",15896.0
"thorpe larches",19200.0
"cayton bay",15360.0
"north mymms",47500.0
"tuttington",32153.8461538
"bolton le sands",24288.5393258
"eccleshall",18453.0
"builth wells",21458.3333333
"knutsford",31375.4166667
"knowle",13440.0
"southend-on-sea",27498.1764706
"cwmllynfell",23846.0
"deepcut",22848.0
"longtown",14400.0
"colwick",14400.0
"whiteway",35500.0
"mitcheldean",23909.25
"saundersfoot",20000.0
"cairndow",14589.3333333
"sandown",20136.0
"county down",29808.75
"carmarthen",16625.7
"alnwick",24430.3125
"havering-atte-bower",30777.1764706
"lyndhurst",24312.4285714
"swaffham prior",26000.0
"bedworth",21590.0
"newton in furness",37500.0
"wrekin",33307.0
"coolham",45088.2352941
"acton gate",40000.0
"docklands",37524.6153846
"thames ditton",33310.875
"fleetwood",16728.2222222
"collyhurst",20160.0
"oakham",19626.0434783
"waltham on the wolds",48923.0
"northampton",26706.1427175
"blairgowrie",24856.0
"great usworth",30500.0
"earls colne",16388.5714286
"lasswade",20457.8
"hotwells",39999.0
"church stoke",15240.0
"hawarden",21120.0
"hillsborough",16500.0
"wrexham",23971.1203704
"oakley",37000.0
"lytham st. annes",16000.0
"millom",25632.0
"girton",57500.0
"ipswich",29975.50625
"barnetby",30000.0
"stonehouse",24457.0185185
"princes risborough",31815.9090909
"blackford",12480.0
"clowne",17000.0
"market rasen",20964.125
"seaton burn",25392.0
"cuckfield",23000.0
"torquay",25072.5698925
"ashtead",28379.0
"crewkerne",26206.5
"west hampstead",37000.0
"barrow",24000.0
"market harborough",30384.7741935
"larbert",13500.0
"abbey wood",39360.0
"east hanningfield",39666.6666667
"wendover",16320.0
"middleton",27201.7142857
"shaftesbury",20926.3913043
"egremont",35600.0
"windsor castle",41550.0
"castleford",23017.5862069
"winscombe",30400.0
"tiverton",24863.0645161
"wilmington",41500.0
"chesham",19439.78125
"wall hill",36875.0
"neasden",30750.0
"biggleswade",19872.2173913
"purley",32208.6315789
"blantyre",29000.0
"stockton",21000.0
"kenilworth",21841.0666667
"carlisle",28690.6129032
"kirkby-in-ashfield",31420.5
"park street",43208.3333333
"broadgate",40499.5
"kenn",39500.0
"wotton-under-edge",32532.9411765
"thirsk",24441.5076923
"whiteley",30285.7142857
"kent",38415.2820705
"northern ireland",32181.1749347
"camperdown",32058.3333333
"southwell",25941.3333333
"tarporley",21595.5384615
"billingbear",33000.0
"lindrick common",9475.0
"bridgnorth",24269.05
"hull",29296.990566
"tamworth",26165.1917098
"bend hagg house",37500.0
"swinton",29028.6
"aberystwyth",24288.6
"flixborough",18500.0
"shenfield",24500.0
"birstall",13500.0
"california",56016.0
"oakington",35000.0
"keith",15436.0
"kidlington",23503.0769231
"congleton",20271.8717949
"langley",26430.0
"central treviscoe",44500.0
"crown east",62499.0
"elland",20242.1428571
"heckington",16454.0
"ripon",21481.0
"laindon",20000.0
"newquay",24356.0869565
"pentre",28000.0
"sutton scotney",26400.0
"charfield",30000.0
"ilkley",20958.5
"padworth",35333.3333333
"south elmsall",23875.0
"eastcote",21000.0
"westlake",42500.0
"chingford",22812.9230769
"bisham",55000.0
"belgravia",26880.0
"whyteleafe",43589.4042553
"heathfield",21196.3333333
"west kensington",27500.0
"huthwaite",20500.0
"south queensferry",18470.0
"atherton",17750.0
"fairbourne",43200.0
"city",38881.2903226
"barton-upon-humber",24683.3333333
"ebbw vale",25355.9090909
"llandinam",19000.0
"stonehaven",20276.6666667
"east ham",39020.0
"deeside",23510.8275862
"beaconsfield",26996.0408163
"scarborough",24764.0595238
"bircham newton",8737.0
"melbourn",21000.0
"fishguard",12048.0
"brixworth",42500.0
"kilbarchan",30240.0
"cornwall",31748.0787879
"burton joyce",14496.0
"old dalby",16320.0
"upper sydenham",39390.0
"hartford",24960.0
"hayle",17172.2857143
"ongar",26723.8333333
"shirley",44900.0
"wincanton",25458.7368421
"wymington",42500.0
"colne",19666.4545455
"henlow",22970.0
"wellingborough",22788.2767857
"market weighton",13589.0
"kirkham",23150.0
"cowes",46952.0
"devizes",22161.4576271
"yeovil",25207.2839506
"kidwelly",16000.0
"tyseley",15712.0
"west runton",30000.0
"southgate",29000.0
"morley",22286.6666667
"johnstone",15168.0
"portsmouth",30485.3980309
"monmouthshire",26611.0588235
"angel",30000.0
"alston",31230.9090909
"preston",26120.551481
"ampney crucis",17500.0
"worcester",27753.4092072
"manningtree",18920.0
"cowbridge",13905.4285714
"banham",11520.0
"torpoint",18640.0
"colwyn bay",18148.7777778
"lostwithiel",16320.0
"windsor",32564.4
"birtley",26626.6666667
"hingham",15360.0
"kempston",23802.7777778
"north fambridge",23500.0
"walnut tree",17500.0
"ferryhill",21896.0
"northfield",5088.0
"beccles",29934.3636364
"morden",27713.3333333
"denmead",24673.3333333
"leatherhead",30664.6648649
"bromborough",22250.0
"moffat",18940.5
"aldham tye",24173.0
"east leake",15552.0
"leyton",18240.0
"templecombe",11884.0
"sutton",23968.8604651
"gorleston",21250.0
"north ferriby",30873.0769231
"st. pauls",16000.0
"godstone",26509.4
"lightwater",21173.3333333
"felixstowe",22432.36
"sale",18988.8055556
"ceredigion",23773.5
"dorking",25448.8666667
"axbridge",44495.1388889
"soho",39700.0
"twyford",18000.0
"bedale",26085.1111111
"leamouth",53500.0
"penge",30800.0
"the home",23000.0
"leicester",27894.1025431
"hartlepool",27117.0
"londonderry",34967.15
"droylsden",20180.0
"leighton buzzard",26184.6545455
"cheam",22844.0
"eastbourne",24797.1210191
"king's lynn",23914.247191
"braunstone",19250.0
"enstone",52800.0
"hope valley",20333.3333333
"west ravendale",42139.15
"great langdale",13440.0
"chiltern green",17634.0
"lauder",20160.0
"brigg",19383.7142857
"banwell",14400.0
"haydock",38500.0
"orpington",25843.6363636
"haugh",26000.0
"hanley",20336.5
"staines",34790.3157895
"neath",22928.9642857
"norley",16320.0
"wroughton",13260.0
"new haw",14000.0
"back of avon",19885.0
"brookwood",22560.0
"marlborough",23414.7777778
"oxted",21264.3478261
"hailey",39700.0
"middlewich",21775.4285714
"long furlong",41250.0
"holmrook",57600.0
"taffs well",31680.0
"uppingham",14880.0
"hall green",19000.0
"culmhead",17000.0
"stratford-upon-avon",23915.8994709
"penarth",21795.3636364
"whistlow",50500.0
"cheshire",33245.3685419
"church stretton",13780.5
"hungerford",25462.375
"market drayton",20687.5
"cleckheaton",24030.0689655
"little grimsby",40000.0
"backwell",9878.0
"cowdenbeath",20966.0
"elstree",23480.75
"little bromley",43291.6666667
"blythe valley park",15936.0
"brewood",14064.0
"stanley",24416.8
"hartley wintney",14784.0
"keele",21340.3333333
"gillingham",26896.8472222
"swindon village",29400.0
"kings langley",33853.4
"east dulwich",25000.0
"lewisham",30964.3333333
"mancetter",55000.0
"east harptree",33285.0
"capel st. mary",19440.0
"dartford",29799.5944882
"bembridge",18000.0
"reading",34878.0745313
"clerkenwell",35666.6666667
"horley",24485.6666667
"low seaton",22000.0
"lopen",17280.0
"piccadilly",25680.0
"moortown",11808.0
"ivybridge",16541.5
"clayton",13132.0
"ryton on dunsmore",20160.0
"burscough",21120.0
"rugby",26220.3614458
"lathom",35000.0
"kincardine",26880.0
"port talbot",22024.52
"thame",22433.4067797
"totnes",21521.1034483
"walsgrave on sowe",38125.0
"cliddesden",37370.3703704
"monument",26500.0
"bruntingthorpe",41833.3333333
"edinburgh technopole",31664.3161765
"sittingbourne",28043.75
"sudbury",23069.5490196
"weston coyney",39750.0
"shipston-on-stour",18830.0
"kingussie",16478.0
"banstead",20774.4210526
"ellesmere",27796.0
"eastgate",12595.0
"west ham",27500.0
"leckhampton",17000.0
"st. asaph",23039.9130435
"avon",33206.6715328
"kirkcaldy",22800.4571429
"barry",25406.1
"chipping campden",19234.6071429
"tremough",15303.0
"putney",28336.6666667
"borders",34059.5
"worcestershire",31757.3562753
"coulsdon",26126.0909091
"renfrew",22712.0
"clarbeston",13935.0
"rochford",22167.6363636
"arundel",28226.5744681
"willenhall",20162.1212121
"sunningdale",22500.0
"denbigh",22506.6666667
"ardleigh",11904.0
"newton mearns",20352.0
"west sussex",35781.3007712
"penryn",14929.6
"ringwood",23328.4444444
"arnold",26000.0
"hayes",39337.5
"iver",25503.0526316
"bellshill",32571.2727273
"emersons green",13046.0
"alva",18500.0
"bicester",24900.0849673
"bishop auckland",24333.2592593
"cwmbran",25173.8181818
"elgin",19778.3333333
"west norwood",24325.0
"the cross",42986.6666667
"tyn-y-gongl",12601.3333333
"sutton coldfield",24134.4303797
"south west england",40666.7807606
"lowestoft",28411.22
"staffordshire",33689.2183908
"lynmouth",12000.0
"west gerinish",41500.0
"great kelk",22094.6666667
"grimsby",28709.4631579
"par",17841.25
"basildon",29496.0949721
"east holton",20690.0
"cumbernauld",37500.0
"north ayrshire",28772.6818182
"pershore",19912.3636364
"burford",17878.7333333
"burnham-on-crouch",30950.75
"bradford-on-avon",31174.4285714
"wimbledon",26411.6363636
"barrow-in-furness",36608.2112676
"maple cross",45000.0
"ashbourne",23051.7826087
"brampton",39666.6666667
"horsham",26436.0514019
"northam",87600.0
"countesthorpe",14640.0
"sutton weaver",17000.0
"northaw",62500.0
"west drayton",28933.3333333
"newcastle-under-lyme",20754.6530612
"yelverton",22146.6666667
"hartley",26000.0
"whittlebury",45120.0
"berkshire",39639.5146471
"drayton",25091.6190476
"wellington",22515.5
"poplar",27120.0
"guernsey",43600.6956522
"newton heath",43333.3333333
"grimethorpe",29000.0
"streatham",25457.5
"lewes",26675.4810127
"bromley",29470.3454545
"cradley heath",18830.7692308
"kirkintilloch",22272.0
"longfield",20680.2222222
"cronton",13440.0
"stalbridge",14083.0
"melton mowbray",24469.6666667
"melton",21600.0
"surbiton",21568.4
"sheldon",16819.0
"caton",12960.0
"skipton",24015.7241379
"erskine",24066.0
"portishead",14957.3333333
"cramlington",26917.2258065
"southall",32713.6538462
"great blakenham",18240.0
"perth",27123.741573
"randalstown",40000.0
"oldbury",23320.1694915
"burn bridge",39722.2222222
"linlithgow",40785.2
"stevenston",20276.0
"bordon",24954.7619048
"invergordon",27716.8
"chalfont st. giles",25985.2
"garforth",20000.0
"new holland",35248.0
"tilbury juxta clare",28800.0
"worle",153600.0
"clacton-on-sea",25278.0
"radstock",22320.0555556
"thrapston",21435.0
"lydney",27068.0769231
"new barnet",26191.2
"waterglade industrial park",33250.0
"measham",12038.0
"west berkshire",39860.875
"edgware",24425.0
"eastern england",37334.7133758
"new romney",12599.5
"moreton-in-marsh",23275.8823529
"winterborne stickland",21500.0
"cookstown",15000.0
"sandwell",32880.0
"port charlotte",84500.0
"sidmouth",17366.05
"stornoway",14907.75
"wigan",23667.2608696
"east beckham",33333.3333333
"garstang",12480.0
"bromley-by-bow",18240.0
"islington",29369.6582278
"scotter common",12460.0
"kingswells",24480.0
"dunbar",16527.3333333
"dudley",24516.2780749
"moorgate",26909.0909091
"bexhill-on-sea",29166.0754717
"speke",21000.0
"thurleigh",21840.0
"elvington",14750.0
"eaton socon",17913.0
"chester le street",29164.5555556
"purfleet",23319.5
"holywood",21024.0
"rawreth",37500.0
"kilmuir",36050.0
"seaham",27064.0
"welwyn",26201.7391304
"wheatley",23040.0
"maida vale",17100.0
"high peak",25528.0
"drax",13440.0
"hindley",10200.0
"st. fagans",12000.0
"swadlincote",26366.0645161
"rutland",18524.5
"new longton",10000.0
"st james's",37500.0
"weybridge",28794.8914729
"blaby",15000.0
"stone",25951.0526316
"mytholmroyd",18500.0
"billericay",26420.1764706
"willian",39166.6666667
"sparkhill",24000.0
"walton-on-thames",27492.2816901
"ruislip",28808.5454545
"barnsley",28042.2734375
"hungerford park",40000.0
"cambridge",34014.1721752
"wantage",29303.0952381
"essex",34974.3642173
"irlams o' th' height",45555.5555556
"petts wood",25145.3333333
"formby",34105.0
"haddon",25000.0
"stoke",34500.0
"burton",41441.6666667
"blandford forum",23699.5294118
"darwen",21345.1515152
"southfields",32000.0
"didsbury",21552.0
"lyme regis",26373.75
"philadelphia",95000.0
"bude",18962.5
"somerset",36826.6857143
"stoke mandeville",21120.0
"ilminster",19933.0
"barrow upon soar",15360.0
"harpenden",25183.3888889
"hildenborough",20100.0
"penllergaer",26496.0
"bonar bridge",12480.0
"long marston",16800.0
"dagenham",30888.9444444
"walcott",13104.0
"musselburgh",19035.4
"farnborough",34864.3106796
"mansfield woodhouse",13021.5
"leitrim",55000.0
"castlebay",9077.0
"south lanarkshire",32374.4274809
"tipton",23085.5428571
"south croxton",13440.0
"ludlow",17248.75
"broadfield",42230.9090909
"langport",17243.6
"kilwinning",26922.5
"morecambe",23586.9821429
"stock",39750.0
"abingdon",34706.3405018
"uig",37296.0
"watchet",26000.0
"staple hill",58000.0
"west marton",18333.3333333
"greater manchester",36131.0
"knottingley",21835.0
"portland",35443.2
"stansted",28105.4583333
"lambeth",31068.7169811
"cullompton",19870.2666667
"brockenhurst",25285.7142857
"poulton-le-fylde",19890.0714286
"mill hill",22312.5
"linlithgow bridge",42750.0
"st. mellons",24036.0
"cutmill",23000.0
"south godstone",45000.0
"gourock",32040.0
"little tring",45000.0
"bardon hill",25500.0
"chichester",27413.9773463
"pontefract",23550.7857143
"daventry",21653.1891892
"guildford",33336.2190388
"kinross",22259.5
"castle cary",30156.25
"cheltenham trade park",46792.9411765
"gosport",25436.4545455
"glemsford",24000.0
"isle of colonsay",43000.0
"hillingdon",30618.3333333
"nelson",20405.7941176
"havant",32172.8403361
"little eaton",15360.0
"bolton",23268.150641
"merthyr tydfil",26450.3
"wallasey",21039.8421053
"diss",22964.0555556
"bickley",19500.0
"corwen",16389.5
"carryduff",20000.0
"rickmansworth",32900.6086957
"bakewell",21701.1666667
"heyshott",50000.0
"west handley",30566.1818182
"cameron",22500.0
"isle of south uist",22500.0
"wigton",13686.0
"mayfair",40613.8461538
"wadhurst",24819.0
"canary wharf",55761.7647059
"offham",47202.0
"huddersfield",24153.8639241
"killingworth",38400.0
"bracknell",30412.9849246
"lincolnshire",32410.872
"aston crews",30000.0
"wimborne",30194.4878049
"little oakley",15000.0
"llandaff north",36369.9777778
"st. columb",14960.0
"covent garden",40528.5306122
"norfolk",33095.7209302
"wickford",17579.6
"largs",25433.4117647
"penrith",22285.2
"angus",31734.8
"liss",23968.75
"romsey",22239.7105263
"sutton green",29477.505618
"girvan",28605.5
"sand",13601.3333333
"bangor",23197.1604938
"bucknell",23040.0
"france lynch",43333.3333333
"faygate",17280.0
"biggin hill airport",23000.0
"tarring",36100.0
"fulbourn",22757.0
"camberley",26906.1775701
"chessington",27226.7222222
"goodwick",16800.0
"castle combe",32500.0
"south acton",28000.0
"healey",33762.75
"quebec",90000.0
"runcorn",25950.2713178
"woolmer green",24960.0
"south east london",41530.1734825
"perth & kinross",41091.1111111
"eaton ford",40000.0
"coleshill",31955.1666667
"sevenoaks",28404.126506
"east sussex",36693.3512821
"south east england",45128.2753978
"banchory",25831.1666667
"tenterden",25730.9
"buntingford",32019.1666667
"stoke-on-trent",28178.9886364
"portscatho",18000.0
"hitchin",28381.0192308
"redbourn",12240.0
"leeds",28934.8412232
"lockerbie",30000.0
"deptford",15360.0
"berkeley",30657.8947368
"southborough",19200.0
"alderley",24727.2727273
"little padfield",20000.0
"farncombe",37500.0
"haywards heath",27217.0992366
"golspie",27819.0
"menai bridge",13200.0
"shildon",21988.6923077
"antrim",29177.9555556
"north harrow",39500.0
"wingrave",14728.0
"great missenden",27714.5714286
"stradbroke",12422.0
"seascale",57422.8333333
"alexandria",19593.1111111
"wallingford",25384.0833333
"wigston",25483.9333333
"fakenham",22097.1363636
"newton abbot",20932.3106796
"stillington",16000.0
"neath port talbot",22186.7692308
"holbeck",16000.0
"new zealand",65243.3333333
"bagshot",26233.0857143
"llanybydder",22736.0
"eye",24826.6666667
"torry",25977.0
"oxfordshire",35113.9304348
"hookwood",15000.0
"north yorkshire",31456.8042453
"crowborough",26914.9473684
"goring",16000.0
"isle of coll",43000.0
"peacehaven",16882.6666667
"inverness",29718.5647059
"severn beach",15680.0
"caldicot",17604.3333333
"ashby-de-la-zouch",26313.2
"burntwood",27261.7
"north lambeth",34280.4488017
"ryde",51480.0
"kenyon",21000.0
"bedford",29276.5488215
"appleby-in-westmorland",24115.0
"southminster",34608.0
"hawick",19592.0
"west markham",29000.0
"barkingside",35000.0
"abram",20160.0
"spalding",23439.7714286
"tonbridge",25035.7962963
"wycombe",33000.0
"fort william",16202.75
"workington",30128.2820513
"marylebone",32500.0
"belton",27500.0
"rye",19948.0
"sidcup",29213.6973684
"galashiels",27547.4444444
"chipping sodbury",15360.0
"new milton",26060.173913
"limavady",21024.0
"west wycombe",24000.0
"tatton",34166.6666667
"sandwich",32048.5
"clackmannanshire",36575.0
"robertsbridge",15488.5
"mountain ash",23873.5
"isle of arran",19226.0
"helsby",33000.0
"cromer",18769.6666667
"well end",36750.0
"sellafield",59574.2857143
"whiteparish",11904.0
"henley-on-thames",24963.047619
"marlow",27783.9857143
"daresbury",30666.6666667
"barnstaple",26680.7464789
"gloucester",30819.4852321
"caerphilly",21671.0188679
"callington",20115.6666667
"leigh",17826.4333333
"todmorden",24978.3333333
"yateley",23693.8
"maidenhead",32748.0
"wolverhampton",25868.6618357
"darlington",24859.4745763
"coatbridge",20994.9411765
"broadway",23480.3
"barbican",38678.4
"nottinghamshire",33237.0718686
"bishops castle",29256.25
"ashton with stodday",11884.0
"shotts",20250.0
"seaforth",29000.0
"south brent",35439.8588235
"lindfield",42625.0
"bargate",25500.0
"worminghall",16500.0
"petworth",16523.2
"great howarth",30000.0
"chilcompton",20160.0
"hornchurch",20616.2142857
"long sutton",22000.0
"stockwell",17562.0
"oxford",31866.4609218
"harrow",30348.6736111
"bushmills",15000.0
"hammersmith",35432.625
"rhyl",20746.1666667
"porth",21000.0
"broseley",27480.0
"alford",26800.0
"penmaenmawr",11884.0
"upleadon",20448.0
"pinxton",16242.6666667
"white city",20386.4
"newcastle upon tyne",28642.8158273
"shanklin",7280.0
"llangennech",37565.0
"penicuik",23326.4444444
"scawsby",12255.0
"tadcaster",24022.3333333
"worksop",27672.0309278
"woodbridge",23646.1666667
"crookham village",44000.0
"east kilbride",25564.0
"strood",30000.0
"shifnal",17112.2857143
"ticehurst",25000.0
"south yorkshire",36171.3453608
"billingham",29219.3703704
"tyne & wear",27830.0833333
"kensington",34691.7272727
"douglas",33625.0
"north ewster",40964.3378378
"mildenhall",21557.1818182
"bethnal green",9360.0
"westgate-on-sea",28500.0
"annitsford",42500.0
"ulceby",23385.0
"crediton",18199.6
"mapperley",14000.0
"ashington",24516.4705882
"nairn",14666.0
"norwich",26029.1142285
"brackley",25190.3428571
"acocks green",9600.0
"selby common",35000.0
"louth",23972.3684211
"new cross",35602.75
"duns",12965.0
"southend",39538.0
"dorset",36362.5165877
"chantry",34700.0
"oadby",21500.0
"blaenavon",33000.0
"bodmin",20418.3
"desford",20610.0
"pinner",18848.0
"herne bay",21319.5625
"lampeter",19271.2
"bushey",23532.15
"llansantffraid",33000.0
"leicestershire",32808.9196989
"chadwell st. mary",6454.0
"torrington",25480.0
"stranraer",12522.2
"welwyn garden city",31739.3975904
"wynyard",17000.0
"stoke poges",12240.0
"frome",27036.2307692
"cheadle hulme",21133.3333333
"hinckley",22341.641791
"thetford",27713.3285714
"littleborough",35000.0
"charing cross",29750.0
"newton solney",47500.0
"bridgend",25532.7789474
"rushton",32000.0
"meopham",26400.0
"ruddington",27400.0
"ewell",22914.0
"arlington",72500.0
"portree",20758.5
"st. mary cray",29000.0
"gibraltar",29178.5714286
"porthcawl",19455.75
"newport pagnell",27735.2857143
"henley-in-arden",20988.0
"park",65000.0
"whetstone",24286.6666667
"aberdare",16564.0
"haddenham",29000.0
"padstow",16579.1666667
"isle of skye",21833.3333333
"turnpike lane",28719.0
"crook",17952.0
"north wingfield",23000.0
"craven arms",16213.3333333
"st. agnes",19200.0
"isle of lewis",10803.0
"southampton international airport",37105.2
"lancing",24567.75
"helston",16885.5625
"wattisham",23040.0
"burghfield",20113.0
"north west london",37143.1802536
"longbridge",50604.0
"blaenau gwent",27023.6415094
"tottenham hale",16876.0
"kesgrave",19440.0
"saltash",17531.4444444
"uxbridge",34409.5961538
"colnbrook",18235.0
"cardigan",18331.0
"rochester",29352.5769231
"medway city estate",30125.0
"scotland",36879.0365854
"overdale park",29500.0
"two mile ash",40604.1935484
"ruscombe",39000.0
"kendal",23083.7843137
"halstead",21616.8571429
"weymouth",25541.2408759
"north muskham",34580.0
"cornwell",20500.0
"yorkshire and humberside",37578.8213763
"rhu",35951.5
"cuffley",59500.0
"maybole",12480.0
"rossendale",14250.5263158
"newtownabbey",21681.3333333
"chard",28908.7272727
"stevenage",38625.4011461
"deane",42676.4705882
"southampton",31455.5909091
"crayford",23450.0
"littleham",42500.0
"much hadham",14273.0
"uckfield",25680.6470588
"treorchy",22932.0
"dornoch",8832.0
"chester",27614.0015432
"porthmadog",12355.0
"sowerby",15445.1428571
"little ilford",18666.6666667
"surrey",38520.5031289
"cheltenham",30562.8578352
"launton",15500.0
"hassocks",24676.6
"hook common",72252.7777778
"dingwall",22379.0
"wymondham",14692.1428571
"derry",23147.0588235
"tiptree",12308.0
"isle of barra",15609.0
"cressington",44919.2857143
"market deeping",15582.0
"newarthill",24000.0
"lympstone",40000.0
"wavendon",12096.0
"beeston",34810.7142857
"morton",22000.0
"woodside",46684.7826087
"southfleet",18500.0
"chadderton",43750.0
"great warley",11520.0
"peterculter",11520.0
"reigate",33370.9514563
"south thoresby",62499.0
"ladbroke grove",16800.0
"ullenhall",13440.0
"heckmondwike",53218.6
"harwich",31204.4444444
"northwich",24587.1937984
"buckinghamshire",37488.0810157
"exning",29500.0
"luton",34252.442029
"boldon colliery",39491.3083333
"stirling",26026.2758621
"blakeney",28000.0
"north ripley",25470.0
"dyce",34500.0
"calne",27352.6153846
"north holmwood",35500.0
"tywyn",22464.0
"hoe hill",40000.0
"birkenshaw",27500.0
"withcall",42940.0
"windermere",18835.9047619
"headley down",15110.0
"drighlington",30000.0
"little chesterford",44136.3636364
"wednesbury",22667.9761905
"ingatestone",26875.0
"mulbarton",12288.0
"sea",16331.490566
"filton",31250.0
"aberdeen",41175.879437
"eccles",17165.4285714
"isle of grain",13440.0
"hatherleigh",12064.0
"neston",13818.0
"north down",45000.0
"grizedale",11884.0
"surrey research park",21726.0
"cricklade",15360.0
"brynmawr",22080.0
"altrincham",22597.2920354
"bradley stoke",27217.5
"swansea",23718.175
"paisley",20727.5609756
"bourn",15791.0
"firswood",32714.2857143
"willoughby",39000.0
"dunfermline",25071.5578947
"radlett",27702.2857143
"broughton",26000.0
"coulsdon north",58000.0
"romney marsh",46569.5
"newnham",40307.6923077
"rownhams",16000.0
"dean clough industrial park",46821.4285714
"stockton-on-tees",29469.5692308
"tranent",20800.1666667
"kimbolton",17500.0
"stonely",24618.1111111
"cowley",28500.0
"knaresborough",22522.0526316
"shetlands",29722.0
"west haddon",46249.5
"llanrumney",19418.0
"manchester airport",18500.0
"brightwell",19200.0
"ross-on-wye",18946.9375
"stancil",28800.0
"quedgeley",33384.0
"prestatyn",20124.3076923
"badminton",30000.0
"mablethorpe",20826.3333333
"maesteg",20633.3333333
"woolpit",22500.0
"scunthorpe",24747.2553191
"swindon",33224.0066756
"leamington spa",25520.4497608
"machynlleth",18232.6666667
"minworth",18720.0
"holyhead",17439.6666667
"stonesfield",16944.0
"wooburn industrial park",25916.6666667
"whitchurch",21685.3225806
"ireland",57741.3333333
"st. neots",26961.3023256
"lea bridge",37081.1666667
"newbury",31512.1333333
"south bermonsey",70000.0
"dorchester",28152.1594203
"ponteland",12500.0
"aberaeron",34580.3333333
"butleigh",42500.0
"kings norton",31094.0
"tower hill",33500.0
"porters wood",18000.0
"manchester science park",40104.0537634
"isle of man",40512.1176471
"sleaford",24770.3658537
"coventry",30038.2459222
"looe",16518.6666667
"histon",19411.0
"westerham",29073.2
"the doward",27577.5
"altnagelvin",30000.0
"pulborough",21365.8421053
"fleet",36506.4275862
"orkneys",34375.0
"mile end",72213.0
"grantown-on-spey",26000.0
"west dunbartonshire",37753.3333333
"gateshead",24784.3478261
"spilsby",13568.5
"shiremoor",31338.0
"belmont",46800.0
"ilfracombe",24389.1666667
"ballater",18468.5
"coniston",17250.0
"whitstable",29574.0
"bow",31022.8571429
"blackwood",18276.8571429
"bilston",27273.2162162
"hailsham",20640.8636364
"sutton park",17500.0
"aboyne",29691.9
"barnes",26625.0
"rowlands gill",23040.0
"bedfont",42166.6666667
"barnet",27637.7323944
"hengoed",15885.0
"waterbeach",14999.5
"silchester",31500.0
"newham",28783.5294118
"shoreham",18750.0
"wargrave",23250.0
"petersfield",26006.2745098
"chesterton",39925.0
"baldock",24082.0909091
"morpeth",24676.8809524
"harlech",20800.0
"humber",43357.1428571
"stocksfield",31274.4
"bexley",31150.9411765
"burnley",23420.5159236
"cookham dean",12000.0
"westhoughton",29760.0
"watton",22505.125
"malvern",25078.7631579
"wilmslow",22242.2714286
"southport",22832.2211538
"blackfriars",42500.0
"batley",24261.6909091
"north lincolnshire",39499.75
"pode hole",42333.3333333
"keynsham",36457.125
"tewkesbury",28266.3
"edge",21628.0
"castle donington",25710.5882353
"belford",21000.0
"liskeard",23320.5
"flackwell heath",39561.5384615
"hastings",28085.2894737
"southville",21500.0
"choppington",45120.0
"bournemouth international airport",46673.88
"cheddar",22998.0
"warlingham",17151.0
"suffolk",34390.8631179
"cupar",22710.6923077
"kingston vale",14764.0
"east end green",42400.0
"seaforde",22420.0
"featherstone",26150.0
"tockwith",18000.0
"marehay",11904.0
"knowsley industrial park",13440.0
"bradwell-on-sea",6000.0
"oaklands",45000.0
"sandycroft",11884.0
"borehamwood",29398.82
"somerton",20411.6666667
"kibworth harcourt",21848.0
"march",29498.547619
"port solent",14942.0
"north waltham",36260.0
"malton",24497.4615385
"bounds green",26250.0
"belle vale",19000.0
"water orton",25440.0
"morriston",12144.0
"glenrothes",21836.6507937
"clevedon",30056.0833333
"burgess hill",28106.9255319
"south bank",24666.6666667
"paris island little",42779.5
"ballynahinch",18012.0
"clapham",38611.1111111
"bishopbriggs",37500.0
"stotfold",24000.0
"hunslet",17280.0
"olney",20793.6666667
"harmondsworth",29000.0
"woking",30463.9177489
"great barr",6000.0
"chertsey",30229.5636364
"lenham",18500.0
"holland park",20160.0
"glenluce",16070.0
"chadbury",46371.4285714
"keighley",25323.7659574
"kearsley",15000.0
"perranuthnoe",11040.0
"lower hale",18000.0
"newark",24010.5227273
"surrey quays",45280.125
"welling",20000.0
"widnes",21755.7833333
"pencader",12768.0
"crowthorne",18985.9090909
"stanwell",25000.0
"temple",19000.0
"tavistock",17923.375
"ilford",28512.5384615
"stretford",21406.6666667
"warwickshire",34108.4240196
"llanelli",24435.5714286
"st. leonards-on-sea",29321.0
"dinton",31166.6666667
"woodthorpe",40355.5555556
"victoria",34157.3333333
"west timperley",28916.6666667
"bootle",19677.9285714
"winthorpe",28750.0
"trimley st. mary",39727.2727273
"blackburn",26161.6372549
"holmfirth",18438.8571429
"witley",15950.0
"north london",34015.1743295
"wickham",14447.0
"melbourne",53008.4
"kingfield",21120.0
"virginia water",22195.4285714
"oldham",25988.3406593
"benham hill",55000.0
"llandudno",20879.875
"auchterarder",19500.0
"larkhall",18440.0
"furzedown",15360.0
"gatwick",35807.18
"st. boswells",57600.0
"bridlington",41691.5
"carlton",27960.0
"waltham cross",27633.8695652
"tingley",28773.3333333
"kentish town",24465.0
"notting hill",29171.4285714
"silksworth",15215.0
"duxford",25000.0
"conwy",33150.0833333
"aveley",21500.0
"llandrindod wells",26525.25
"west london",39452.9267564
"the mounts",31680.0
"perranporth",22245.0
"saltcoats",18805.3333333
"dewsbury",24437.076087
"blaydon-on-tyne",34369.75
"filey",23872.3333333
"sturminster newton",16980.0
"sapperton",23000.0
"wythenshawe",16804.3333333
"chorley",19746.4244604
"west byfleet",32416.0
"betchworth",20568.8571429
"newport-on-tay",28551.2222222
"aldridge",16666.6666667
"torfaen",35851.0
"ramsgreave",20500.0
"hindhead",24215.0
"peasedown st. john",11884.0
"botley",26742.0
"kenley",26000.0
"south muskham",62499.0
"uk",34113.3153335
"ayr",21372.8333333
"chelsea",30907.6923077
"stalybridge",27818.2222222
"tetbury",30288.952381
"aldershot",24762.3947368
"newcastle emlyn",20056.0
"willen",12528.0
"hordley",12288.0
"bath & n e somerset",16250.0
"pevensey",13660.5
"rugeley",32415.0588235
"callands",21000.0
"lye",13440.0
"blaydon burn",14400.0
"aldgate",47000.0
"den cross",24999.0
"dunwich",12000.0
"antony estate",31100.0
"studley",35500.0
"west aberthaw",27248.5714286
"comberton",20534.0
"berkhamsted",19538.1071429
"peterborough",26207.7578616
"downpatrick",21448.0
"swanley",38046.24
"saltaire",11884.0
"hove",23648.4878049
"rochdale",25753.3555556
"littlethorpe",29250.0
"stokenchurch",43950.0
"manvers",25000.0
"scalloway",31998.0
"monmouth",21650.0
"wokingham",28830.5796178
"windsor & maidenhead",46567.2727273
"abington",25000.0
"cleethorpes",32640.0
"wyke",26459.0
"hackney",28803.02
"newent",21800.0
"paddock wood",27075.0
"upminster",18922.6666667
"didcot",27233.4545455
"heath",21150.0
"bacup",27150.3333333
"gloucestershire",33601.7444717
"radcliffe-on-trent",14496.0
"sherburn in elmet",17340.0
"redhill",31295.1254613
"hampton",29429.25
"binbrook",16500.0
"swavesey",27000.0
"hapton",21000.0
"dalgety bay",25440.0
"bovington",22600.0
"watlington",19491.4444444
"east hagbourne",19200.0
"eastleigh",32223.0639535
"lindford",13526.0
"preston brook",37500.0
"grays",25932.9803922
"hooke",50358.1428571
"portchester",25500.0
"denham",45000.0
"chalvey",42071.4285714
"warfield park",42410.0
"prenton",24260.5
"st. werburghs",24646.0
"mitcham",22670.5
"yeovilton",21000.0
"kettering",24612.9170507
"north east lincolnshire",48600.0
"branksome",27928.5714286
"larne",26666.6666667
"greasbrough",27208.3333333
"stroud",24013.4634146
"hockley",19044.25
"wareham",20713.4210526
"leyland",23052.4883721
"north barningham",31000.0
"harlow",27620.1101695
"burwell",21640.0
"shetland",23182.8571429
"brompton",30000.0
"west molesey",23250.0
"bournemouth",27840.9839884
"ifield",15210.0
"theale",30021.4285714
"sheerness",24583.6666667
"trafford park",21013.0
"selkirk",23177.25
"braintree",22114.71875
"harwell",39924.2857143
"bexleyheath",22593.7619048
"st. austell",21328.0967742
"jedburgh",43250.0
"kington",27500.0
"hyde",22540.25
"roehampton",36875.0
"brighouse",26057.2758621
"epsom",28858.010929
"treharris",21179.5
"richmond",30922.2336957
"stockbridge",18632.0
"polegate",13861.4
"east sheen",35441.6610059
"sedbergh",15184.0
"binfield",35000.0
"coalville",22231.5490196
"gainsborough",26867.9649123
"tidworth",33715.5
"ramsey",15360.0
"ruthin",31680.0
"cliftonville",32290.6666667
"alvechurch",15766.0
"oxford airport",26520.0
"tarbert",30000.0
"orkney",36625.5
"gonerby hill foot",31500.0
"shipley",21293.8518519
"tooting",43485.0
"derby",29302.8835691
"ammanford",16170.0
"holmer",27500.0
"selby",27633.5882353
"peterhead",25262.3043478
"whitehaven",35266.1935484
"egypt",21870.0
"claydon",12480.0
"newtonmore",22500.0
"beckenham",29012.1538462
"rhuddlan",16000.0
"stanford on soar",38555.5555556
"lifton",15520.0
"belle isle",17000.0
"towcester",23987.6097561
"barrow-upon-humber",46632.0909091
"carrington",23980.0
"cannock",22386.4112903
"tadley",26873.7894737
"usk",26234.4
"howden",50000.0
"isle of bute",17256.0
"denton",20980.0
"hanham",47850.0
"midlothian",35393.1578947
"brighton",29057.3644617
"dallas",82000.0
"stockland bristol",37272.4
"whalley",35308.0
"honiton",17583.1875
"highbury",44266.6666667
"northwood",17600.5
"titchfield",37759.3333333
"caversham",18378.0
"minehead",22488.0
"wisbech",23872.326087
"keswick",24860.0
"stafford",26866.9185185
"carrickfergus",21408.0
"rainham",24608.6666667
"bargoed",22666.6
"northumberland",32393.1515152
"little alne",21000.0
"edwalton",29000.0
"east barnet",40000.0
"edenbridge",24382.952381
"hexham",20296.25
"radcliffe",35000.0
"blaenau ffestiniog",55609.3333333
"south petherton",12720.0
"north anston",21590.0
"epping",27972.5555556
"bruton",31180.0
"crick",17766.6666667
"west hagbourne",11884.0
"south littleton",52499.5
"newhaven",17756.6666667
"ringmer",40320.0
"hoveton",13440.0
"farringdon",33123.0769231
"bisley",22500.0
"south cornelly",34868.8
"gaddesden row",11500.0
"hampshire",38129.0314708
"aylesbury",28503.3590504
"milltimber",37000.0
"bishop's stortford",25155.3170732
"castlereagh",20833.3333333
"netherfield",17280.0
"long stratton",21364.0
"quinton",33750.0
"seaton",46200.0
"handbridge",40380.0
"horbury",17000.0
"glasgow airport",35000.0
"churchbridge",31366.6666667
"monaghan",22500.0
"dymock",29000.0
"world's end",35000.0
"nayland",16320.0
"docking",37500.0
"chewton keynsham",29217.0
"alloa",23989.75
"highlands",33218.6315789
"wiltshire",35551.8228782
"methley",30259.0
"blyth",21790.9130435
"shropshire",30552.7333333
"mottram st. andrew",25937.5
"bourton-on-the-water",28750.0
"houston",74916.6666667
"beckton",35500.0
"west fenton",48749.5
"gipsy hill",55565.4
"sydenham",35000.0
"burton-on-trent",27832.0072993
"pont nedd fechan",15408.0
"st. helens",23778.7798165
"heanor",25099.5294118
"friern barnet",28745.125
"dukinfield",16382.5
"bo'ness",12576.0
"redcar",23801.2619048
"high wycombe",31896.2076271
"padiham",11884.0
"berwyn",100000.0
"broom",27000.0
"lakenheath",44160.0
"bilborough",22964.0
"walton on the naze",19680.0
"east anton",35000.0
"cinderford",47342.0
"washington",26941.8043478
"melksham",27238.9607843
"driffield",25662.0
"merton",28588.1818182
"southwick",12825.0
"tickhill",12160.0
"ystrad mynach",35000.0
"colchester",26648.8625731
"portadown",15000.0
"west allington",72500.0
"crickhowell",13440.0
"the upper wyke",71250.0
"salford",22983.1984733
"hackney wick",17500.0
"salcombe",13455.0
"raynes park",18388.0
"denmark hill",33812.5
"willand",28800.0
"st john's wood",27642.8571429
"poole",27855.0734127
"alfriston",22500.0
"arbroath",29412.6744186
"stratford",26465.5294118
"west bromwich",31613.7450199
"langholm",20333.3333333
"chilwell",11884.0
"wyboston",26023.75
"edinburgh",33820.8828025
"croydon",33787.1899642
"elstow",41611.1111111
"putney heath",33250.0
"dundee technology park",40500.0
"lower sydenham",32093.0
"adlington",16625.0
"sandy",19426.5294118
"fermanagh",26666.6666667
"redbourne",30000.0
"prescot",22615.9705882
"craigiebuckler",31000.0
"oldends",37500.0
"bebington",16500.0
"sturminster marshall",22560.0
"cefn coed",15840.0
"cwm",32500.0
"llanwrda",13488.0
"yarnton",30235.6
"barnard castle",22934.6666667
"culloden",15400.0
"barnwood",26731.5
"bognor regis",20404.3461538
"east town",35433.0
"north hykeham",32000.0
"milton keynes",32166.551543
"chandler's ford",29302.6666667
"canwick",12672.0
"ambergate",27250.0
"lydbury north",37739.1785714
"coleford",20488.8
"york",25217.469679
"finchampstead",15360.0
"chatham",24154.2333333
"bar hill",41625.0
"penrhyndeudraeth",17760.0
"redruth",29407.6875
"north shields",22717.6727273
"freshwater",13440.0
"firgrove",37500.0
"waterloo",43198.75
"great bridge",11760.0
"bewdley",27000.8333333
"yarm",21359.0
"henfield",19982.0
"north widcombe",32500.0
"lutterworth",22071.4074074
"euston",23500.0
"chapel allerton",14880.0
"west town",43103.7642276
"kirknewton",41700.0
"willingham",18500.0
"lee-on-the-solent",14502.0
"mauchline",20160.0
"east mersea",40000.0
"wiveliscombe",18500.0
"hemel hempstead",30113.3959391
"isle of iona",43000.0
"ilkeston",21110.6129032
"new york",71250.0
"brockley",19804.5
"little chalfont",38865.0
"tenby",23452.0
"thornbury",21250.0
"llanbedr dyffryn clwyd",32451.4285714
"ash",70000.0
"steeton",17462.0
"pride park",47500.0
"kent international airport",15613.0
"monxton",36500.0
"gedling",32400.0
"balham",23280.0
"anstruther",23819.375
"cross heath",16000.0
"new malden",28744.0
"selly park",21126.0
"brentford",37302.6097561
"woodford",15360.0
"yearby",30265.0
"halewood",39101.25
"lisburn",27334.0181818
"downes",27367.4666667
"claverdon",14250.0
"leslie",23040.0
"fraserburgh",29805.4166667
"wallyford",22500.0
"brandon creek",21120.0
"earls barton",50000.0
"worsley",22994.0
"westbury",22176.5384615
"west lockinge",50000.0
"storrington",22310.0
"shenley",30000.0
"gullane",32040.0
"old trafford",18510.4285714
"calstock",14880.0
"yapton",11884.0
"isle of dogs",12500.0
"sacriston",21120.0
"kings hill",30456.6666667
"barwell",21500.0
"scone",15000.0
"linton",25000.0
"montgomery",18000.0
"bourne",20873.2
"christleton",35000.0
"south croydon",34589.2564103
"sheringham",23500.0
"ballymoney",20686.4
"cosby",14640.0
"calcot",47257.1428571
"alton",23864.9122807
"blackheath",31136.6666667
"warrington",28581.6238994
"saltburn-by-the-sea",65710.0
"lower basildon",16320.0
"hadfield",19000.0
"pembroke",19435.4444444
"winkfield",63360.0
"ferndown",21767.2857143
"riverhead",40666.6666667
"swiss cottage",15720.0
"abergavenny",16555.0
"nuneaton",25772.7866667
"buckhurst hill",24891.0
"ascot",22441.8181818
"chipping norton",28394.4634146
"fordingbridge",24912.8571429
"throsk",29000.0
"county antrim",31700.0
"bromham",14400.0
"christs hospital",39166.6666667
"handforth",20000.0
"st. ives",20108.52
"chalk farm",27100.0
"weoley castle",16502.0
"greenford",24977.7058824
"forest row",26201.0
"forest hill",12000.0
"manchester",30109.152446
"theakston",27744.0
"northfleet",30500.0
"crieff",16903.0
"roslin",25680.5
"clitheroe",18549.1304348
"northallerton",26183.3866667
"haslemere",20202.9772727
"greenhithe",24945.4666667
"hope",20907.4285714
"holyport",30000.0
"harold wood",17000.0
"kilmarnock",27579.0
"chippenham",27182.2671756
"sarratt",11673.0
"north howden",36383.625
"hampton poyle",72000.0
"holloway",15072.0
"hardwick",20855.0
"oxford circus",55000.0
"abertillery",21561.5
"braunton",15516.1428571
"llangefni",37950.0
"glasgow",32103.2671167
"ripley",22462.75
"berinsfield",14830.0
"milngavie",17750.0
"harvey gardens",36613.0
"southwold",16000.0
"beaworthy",19483.3333333
"fitzrovia",50000.0
"brondesbury",36000.0
"carluke",15880.0
"chalfont st. peter",18000.0
"alfreton",24531.0720721
"brixton",21349.2
"andover",27569.973822
"raunds",11520.0
"steeple morden",15360.0
"loudwater",46820.0
"battersea",36650.0
"kingswood",38200.0
"southwark",29943.3064516
"south west london",37385.8300804
"north warnborough",35000.0
"st. albans",31692.3069767
"dundee",28436.9
"melrose",28800.5
"bedfordshire",37400.75
"eynsham",24456.2
"wembley",27806.3181818
"nailsea",17090.0
"brentwood",31195.3389831
"the vale of glamorgan",27021.0
"hyde park",35978.0833333
"colindale",30250.0
"chandlers cross",15276.1666667
"tividale",20390.0
"kew",26000.0
"porton down",42197.0
"ibstock",13381.5
"stepney",17280.0
"sandbach",20955.7647059
"shenstone",11884.0
"pembrokeshire",31891.32
"englefield green",13622.0
"aylesford",27548.8333333
"tadworth",28213.65625
"rotherhithe",27500.0
"thurmaston",13740.0
"bristol",33481.2705036
"kingfisher shopping centre",32300.0
"jersey",39135.7222222
"tongham",32000.0
"north standen",54750.0
"barnehurst",11884.0
"narborough",19050.0
"waltham forest",27797.8648649
"north west england",42829.9622642
"benbecula",13440.0
"streatham park",19680.0
"far arnside",38750.0
"brecon",22974.9285714
"clarbeston road",27500.0
"rocester",32000.0
"lower eashing",7200.0
"chepstow",22126.0
"queenborough",13791.75
"warwick",33204.0431267
"warmingham",15500.0
"liverpool",26601.3534676
"grantham",24086.1666667
"chellaston",30000.0
"bulk",32500.0
"belvedere",36676.0
"wrexham technology park",22500.0
"durham lane industrial park",21750.0
"holsworthy",16115.1
"cranbrook",21757.6923077
"shalford",26000.0
"bamber bridge",17971.0
"warminster",28929.8604651
"shefford",23751.5625
"moor row",72000.0
"stoke newington",17280.0
"westham",19000.0
"carleton",37133.3333333
"anwick",16320.0
"ripe",19000.0
"st. germans",45000.0
"lakeside",16725.0
"chorlton cum hardy",21500.0
"queensferry",30159.5
"swaffham",19246.6666667
"fleet street",31250.0
"maldon",28085.483871
"inverkeithing",28064.9
"north woolwich",60506.6666667
"amesbury",31127.0
"feltham",30853.3170732
"bradwall",34000.0
"cleadon",32500.0
"baillieston",11884.0
"woods green",29000.0
"kingswinford",21070.6666667
"fowey",31000.0
"southwater",67800.0
"harston",25024.0
"hollesley",12672.0
"linwood",15571.0
"scotland gate",34923.7619048
"newby east",37500.0
"burley woodhead",13440.0
"markfield",23606.8333333
"camberwell",36173.3333333
"stanmore",22697.0
"east tuddenham",16402.2727273
"stow-cum-quy",14000.0
"droitwich",27483.0882353
"skelton",50500.0
"penzance",25697.75
"basingstoke",30820.5418719
"axmouth",23500.0
"newry",23353.8787879
"alresford",23333.3333333
"well",21377.2
"whittington moor",31908.0
"shipton-under-wychwood",23760.0
"styal",25250.0
"flint",18852.0
"worcester park",26864.4444444
"glanton",14400.0
"great canfield",14853.2
"barking",26760.3962264
"durham tees valley airport",20066.4255319
"malmesbury",23538.2222222
"titchwell",12720.0
"brentor",35000.0
"west heath",24500.0
"blackpool",27468.5112108
"castle douglas",24000.0
"hunstanton",18678.0
"belper",21685.3548387
"pulford",19000.0
"llanwrtyd wells",12753.0
"llangollen",19286.6666667
"winchester",29695.7933673
"tain",72000.0
"east wall",47362.5294118
"little marlow",41333.3333333
"gatwick airport",45000.0
"gwynedd",30818.0
"buxton",25626.9411765
"enfield",27149.2830189
"thamesmead",25719.6
"stokesley",21461.3333333
"northenden",20730.0
"craigiehall",42569.6078431
"helensburgh",30344.1777778
"motherwell",26606.3055556
"bonnybridge",21010.0
"erith",21879.5882353
"east finchley",29000.0
"tredegar",24851.9
"baughton",61440.0
"coleraine",19325.7777778
"catford",27973.3333333
"wingland",19000.0
"pembury",47040.0
"bransgore",38563.0
"lincoln",25377.9183673
"south tottenham",28000.0
"wallington",26494.375
"cockfosters",21000.0
"north east england",38434.6235566
"brize norton",35000.0
"crawley",32075.0188679
"isle of north uist",45233.3333333
"north somerset",33893.5714286
"nant gwynant",12662.0
"waltham",20000.0
"kilbirnie",11884.0
"lingfield",25684.0
"pudsey",25072.3157895
"north rigton",31646.9230769
"pwllheli",19560.0
"finchley",24862.8181818
"turriff",22896.0
"sunderland",27030.6793103
"south milford",24379.125
"camden town",27093.3333333
"halifax",27911.0
"hampton hill",14500.0
"aylsham",22500.0
"walkerburn",27819.0
"little ellingham",25000.0
"handsworth",30000.0
"broxburn",23780.1666667
"rusholme",45000.0
"newton stewart",13802.0
"hanwell",28800.0
"woodhall spa",15583.6666667
"freuchie",25785.0
"ulverston",26273.4705882
"huyton",23706.6666667
"ballyclare",30000.0
"woolhampton",26000.0
"penkridge",19333.3333333
"prestbury",30935.75
"queen adelaide",65000.0
"port glasgow",23720.3333333
"mexborough",24388.0
"westhill",21054.2
"wadebridge",13059.4285714
"godalming",27415.33
"channel islands",71500.0
"bonnyrigg",17337.8
"crystal palace",31200.0
"renfrewshire",27378.2222222
"caterham",27044.875
"west end",40785.9615385
"attleborough",22322.3846154
"west bridgford",29403.6923077
"south dalton",20976.0
"ormskirk",20791.0754717
"wroxham",14700.0
"clifton",41995.2542373
"barnoldswick",19387.7142857
"camden",28832.5714286
"pell wall",17500.0
"west yorkshire",34247.9617537
"st. andrews",20364.6129032
"bassaleg",47400.0
"coal aston",19500.0
"northamptonshire",34198.9440124
"rhondda cynon taff",21152.9230769
"drybrook",29000.0
"ford bridge",23000.0
"fairford",18875.0
"stow longa",73800.0
"redditch",25151.7172775
"ilchester",20500.0
"byley",12000.0
"denbighshire",28427.2727273
"mottram",15014.0
"snodland",18792.0
"portlethen",22263.6666667
"letchworth garden city",43538.4460888
"kingston upon thames",31765.5691057
"brislington",25500.0
"newtown",18259.6666667
"criftins",36500.0
"tideswell",21000.0
"cadishead",20000.0
"purbrook",32500.0
"coaley",38812.5
"lyng",15000.0
"leeming bar",11884.0
"lyne",16770.3333333
"chobham",20512.0
"birchwood",44575.5
"cleveley",18220.6666667
"seacroft",13900.0
"cobham",27481.4722222
"sutton-in-ashfield",21979.75
"marske",50500.0
"benmore",21133.0
"duffryn rhondda",17000.0
"enniskillen",20975.0
"brightlingsea",29750.0
"cumnock",15289.4
"okehampton",20707.3333333
"kingston",20080.0
"great somerford",26000.0
"weston",26537.5
"thurso",45504.0
"evesham",22344.1639344
"ottery st. mary",18624.0
"haltwhistle",24561.0
"rushden",22854.7380952
"long eaton",11884.0
"west malling",32401.9285714
"dursley",24197.9473684
"brixham",26328.3333333
"west kilbride",34160.0
"ripponden",16320.0
"westminster",33985.4390244
"old",50000.0
"clydebank",20966.4
"north piddle",47800.0
"saxmundham",27466.1666667
"dumbarton",19844.6923077
"ashburton",32928.0
"southsea",24600.0
"sandhurst",24651.1111111
"dormans park",31500.0
"holbeach",15660.0
"dereham",19105.0
"shere",34666.6666667
"little clacton",15360.0
"harefield",26750.0
"mylor bridge",72000.0
"whitby",16684.1904762
"south ockendon",26130.5
"aycliffe",19491.0
"trowbridge",29019.7909091
"lymington",22121.2682927
"brechin",28216.25
"whittlesey",30000.0
"montrose",25425.6428571
"winsford",19020.56
"hessle",24186.8333333
"haverfordwest",20509.5882353
"abergele",16125.0
"westfield",21750.0
"west dulwich",12500.0
